Country,Weight_kg,Price_KRW
Australia,0.5,18500
Brazil,0.5,28000
Canada,0.5,23000
China,0.5,17000
France,0.5,25000
Germany,0.5,19500
Hong Kong,0.5,17000
Indonesia,0.5,17000
Australia,1.0,21000
Brazil,1.0,32000
Canada,1.0,27000
China,1.0,19500
France,1.0,27000
Germany,1.0,23000
Hong Kong,1.0,19000
Indonesia,1.0,20000
Australia,1.5,24500
Brazil,1.5,36000
Canada,1.5,31000
China,1.5,21000
France,1.5,29000
Germany,1.5,26500
Hong Kong,1.5,20500
Indonesia,1.5,23000
Australia,2.0,28500
Brazil,2.0,40000
Canada,2.0,35000
China,2.0,23500
France,2.0,31000
Germany,2.0,29500
Hong Kong,2.0,22000
Indonesia,2.0,25000
Australia,2.5,32500
Brazil,2.5,43000
Canada,2.5,39000
China,2.5,25000
France,2.5,33000
Germany,2.5,33000
Hong Kong,2.5,23500
Indonesia,2.5,26500
Australia,3.0,36500
Brazil,3.0,49500
Canada,3.0,43000
China,3.0,27500
France,3.0,34000
Germany,3.0,36500
Hong Kong,3.0,25000
Indonesia,3.0,28000
Australia,3.5,40000
Brazil,3.5,55500
Canada,3.5,47000
China,3.5,29000
France,3.5,36000
Germany,3.5,40000
Hong Kong,3.5,26500
Indonesia,3.5,30000
Australia,4.0,44000
Brazil,4.0,62000
Canada,4.0,51000
China,4.0,31000
France,4.0,37000
Germany,4.0,43500
Hong Kong,4.0,28000
Indonesia,4.0,32000
Australia,4.5,48000
Brazil,4.5,68000
Canada,4.5,55000
China,4.5,33000
France,4.5,38000
Germany,4.5,47000
Hong Kong,4.5,29500
Indonesia,4.5,33500
Australia,5.0,52000
Brazil,5.0,74500
Canada,5.0,59000
China,5.0,35000
France,5.0,39000
Germany,5.0,50000
Hong Kong,5.0,31000
Indonesia,5.0,35500
Australia,5.5,56000
Brazil,5.5,80500
Canada,5.5,63000
China,5.5,37000
France,5.5,40500
Germany,5.5,53500
Hong Kong,5.5,32500
Indonesia,5.5,37500
Australia,6.0,60000
Brazil,6.0,86500
Canada,6.0,67000
China,6.0,39000
France,6.0,43000
Germany,6.0,57000
Hong Kong,6.0,34000
Indonesia,6.0,39500
Australia,6.5,64000
Brazil,6.5,93000
Canada,6.5,71500
China,6.5,41000
France,6.5,46000
Germany,6.5,60500
Hong Kong,6.5,35500
Indonesia,6.5,41500
Australia,7.0,68000
Brazil,7.0,99000
Canada,7.0,75000
China,7.0,43000
France,7.0,48500
Germany,7.0,64000
Hong Kong,7.0,37000
Indonesia,7.0,43000
Australia,7.5,72000
Brazil,7.5,105000
Canada,7.5,79500
China,7.5,44500
France,7.5,51000
Germany,7.5,67500
Hong Kong,7.5,38500
Indonesia,7.5,45000
Australia,8.0,75500
Brazil,8.0,111500
Canada,8.0,83500
China,8.0,46000
France,8.0,53500
Germany,8.0,70500
Hong Kong,8.0,40000
Indonesia,8.0,47000
Australia,8.5,79500
Brazil,8.5,117500
Canada,8.5,87500
China,8.5,47500
France,8.5,56000
Germany,8.5,74000
Hong Kong,8.5,41500
Indonesia,8.5,49000
Australia,9.0,83500
Brazil,9.0,124000
Canada,9.0,91500
China,9.0,49000
France,9.0,58500
Germany,9.0,77500
Hong Kong,9.0,43500
Indonesia,9.0,51000
Australia,9.5,87500
Brazil,9.5,130000
Canada,9.5,95500
China,9.5,50500
France,9.5,61000
Germany,9.5,81000
Hong Kong,9.5,44500
Indonesia,9.5,52500
Australia,10.0,91500
Brazil,10.0,136000
Canada,10.0,99500
China,10.0,52000
France,10.0,64000
Germany,10.0,84500
Hong Kong,10.0,46000
Indonesia,10.0,54500
Australia,10.5,95500
Brazil,10.5,142500
Canada,10.5,103500
China,10.5,53500
France,10.5,66500
Germany,10.5,88000
Hong Kong,10.5,47500
Indonesia,10.5,56500
Australia,11.0,99500
Brazil,11.0,148500
Canada,11.0,107500
China,11.0,55000
France,11.0,69000
Germany,11.0,91000
Hong Kong,11.0,49500
Indonesia,11.0,58500
Australia,11.5,103000
Brazil,11.5,155000
Canada,11.5,111500
China,11.5,56500
France,11.5,71500
Germany,11.5,94500
Hong Kong,11.5,51000
Indonesia,11.5,60000
Australia,12.0,107000
Brazil,12.0,161000
Canada,12.0,115500
China,12.0,58000
France,12.0,74000
Germany,12.0,98000
Hong Kong,12.0,52500
Indonesia,12.0,62000
Australia,12.5,111000
Brazil,12.5,167000
Canada,12.5,119500
China,12.5,59500
France,12.5,76500
Germany,12.5,101500
Hong Kong,12.5,54000
Indonesia,12.5,64000
Australia,13.0,115000
Brazil,13.0,173500
Canada,13.0,123500
China,13.0,61000
France,13.0,79500
Germany,13.0,105000
Hong Kong,13.0,55500
Indonesia,13.0,66000
Australia,13.5,119000
Brazil,13.5,179500
Canada,13.5,127500
China,13.5,62500
France,13.5,82000
Germany,13.5,108000
Hong Kong,13.5,57000
Indonesia,13.5,68000
Australia,14.0,123000
Brazil,14.0,186000
Canada,14.0,131500
China,14.0,64000
France,14.0,84500
Germany,14.0,111500
Hong Kong,14.0,58500
Indonesia,14.0,70000
Australia,14.5,127000
Brazil,14.5,192000
Canada,14.5,136000
China,14.5,65500
France,14.5,87000
Germany,14.5,115000
Hong Kong,14.5,60000
Indonesia,14.5,71500
Australia,15.0,130500
Brazil,15.0,198500
Canada,15.0,139500
China,15.0,67000
France,15.0,89500
Germany,15.0,118500
Hong Kong,15.0,61500
Indonesia,15.0,73500
Australia,15.5,134500
Brazil,15.5,204500
Canada,15.5,143500
China,15.5,68500
France,15.5,92000
Germany,15.5,122000
Hong Kong,15.5,63000
Indonesia,15.5,75500
Australia,16.0,138500
Brazil,16.0,210500
Canada,16.0,147500
China,16.0,70000
France,16.0,95000
Germany,16.0,125000
Hong Kong,16.0,64500
Indonesia,16.0,77500
Australia,16.5,142500
Brazil,16.5,217000
Canada,16.5,151500
China,16.5,71500
France,16.5,97500
Germany,16.5,128500
Hong Kong,16.5,66000
Indonesia,16.5,79000
Australia,17.0,146500
Brazil,17.0,223000
Canada,17.0,156000
China,17.0,73000
France,17.0,100000
Germany,17.0,132000
Hong Kong,17.0,67500
Indonesia,17.0,81000
Australia,17.5,150500
Brazil,17.5,229500
Canada,17.5,159500
China,17.5,74500
France,17.5,102500
Germany,17.5,135500
Hong Kong,17.5,69000
Indonesia,17.5,83000
Australia,18.0,154500
Brazil,18.0,235500
Canada,18.0,163500
China,18.0,76000
France,18.0,105000
Germany,18.0,139000
Hong Kong,18.0,70500
Indonesia,18.0,85000
Australia,18.5,158500
Brazil,18.5,241500
Canada,18.5,167500
China,18.5,77500
France,18.5,107500
Germany,18.5,142000
Hong Kong,18.5,72000
Indonesia,18.5,87000
Australia,19.0,162000
Brazil,19.0,248000
Canada,19.0,172000
China,19.0,79000
France,19.0,110500
Germany,19.0,145500
Hong Kong,19.0,73500
Indonesia,19.0,89000
Australia,19.5,166000
Brazil,19.5,254000
Canada,19.5,176000
China,19.5,80500
France,19.5,113000
Germany,19.5,149000
Hong Kong,19.5,75000
Indonesia,19.5,90500
Australia,20.0,170000
Brazil,20.0,260500
Canada,20.0,180000
China,20.0,82000
France,20.0,115500
Germany,20.0,152500
Hong Kong,20.0,76500
Indonesia,20.0,92500
Australia,20.5,166000
Brazil,20.5,254000
Canada,20.5,176000
China,20.5,80500
France,20.5,113000
Germany,20.5,149000
Hong Kong,20.5,75000
Indonesia,20.5,90500
Japan,0.5,17000
Malaysia,0.5,16000
New Zealand,0.5,19500
Philippines,0.5,16000
Russia,0.5,26500
Singapore,0.5,16500
Spain,0.5,19500
Taiwan,0.5,14000
Japan,1.0,18000
Malaysia,1.0,19000
New Zealand,1.0,23500
Philippines,1.0,19000
Russia,1.0,31500
Singapore,1.0,18000
Spain,1.0,23000
Taiwan,1.0,16000
Japan,1.5,19500
Malaysia,1.5,21500
New Zealand,1.5,27000
Philippines,1.5,21500
Russia,1.5,36000
Singapore,1.5,19500
Spain,1.5,26500
Taiwan,1.5,18000
Japan,2.0,21000
Malaysia,2.0,24500
New Zealand,2.0,30000
Philippines,2.0,24500
Russia,2.0,41000
Singapore,2.0,21000
Spain,2.0,30000
Taiwan,2.0,20000
Japan,2.5,22500
Malaysia,2.5,25000
New Zealand,2.5,33500
Philippines,2.5,25500
Russia,2.5,45500
Singapore,2.5,25500
Spain,2.5,33500
Taiwan,2.5,20500
Japan,3.0,23500
Malaysia,3.0,27300
New Zealand,3.0,37000
Philippines,3.0,27000
Russia,3.0,50000
Singapore,3.0,26000
Spain,3.0,37000
Taiwan,3.0,22000
Japan,3.5,25000
Malaysia,3.5,29600
New Zealand,3.5,40500
Philippines,3.5,28500
Russia,3.5,55000
Singapore,3.5,26500
Spain,3.5,40500
Taiwan,3.5,23500
Japan,4.0,26000
Malaysia,4.0,31900
New Zealand,4.0,44000
Philippines,4.0,30000
Russia,4.0,59500
Singapore,4.0,27000
Spain,4.0,44000
Taiwan,4.0,25000
Japan,4.5,27500
Malaysia,4.5,34200
New Zealand,4.5,47500
Philippines,4.5,31500
Russia,4.5,64000
Singapore,4.5,28500
Spain,4.5,47000
Taiwan,4.5,26500
Japan,5.0,28500
Malaysia,5.0,36500
New Zealand,5.0,51000
Philippines,5.0,33000
Russia,5.0,69000
Singapore,5.0,30000
Spain,5.0,50500
Taiwan,5.0,28000
Japan,5.5,30000
Malaysia,5.5,38800
New Zealand,5.5,54500
Philippines,5.5,34500
Russia,5.5,73500
Singapore,5.5,31500
Spain,5.5,54000
Taiwan,5.5,29500
Japan,6.0,31500
Malaysia,6.0,41100
New Zealand,6.0,58000
Philippines,6.0,36000
Russia,6.0,78500
Singapore,6.0,33000
Spain,6.0,57500
Taiwan,6.0,31000
Japan,6.5,32500
Malaysia,6.5,43400
New Zealand,6.5,61500
Philippines,6.5,37500
Russia,6.5,83000
Singapore,6.5,34500
Spain,6.5,61000
Taiwan,6.5,32500
Japan,7.0,34000
Malaysia,7.0,45700
New Zealand,7.0,65000
Philippines,7.0,39000
Russia,7.0,87500
Singapore,7.0,36000
Spain,7.0,64500
Taiwan,7.0,34000
Japan,7.5,35000
Malaysia,7.5,48000
New Zealand,7.5,68500
Philippines,7.5,40500
Russia,7.5,92500
Singapore,7.5,37500
Spain,7.5,68000
Taiwan,7.5,35500
Japan,8.0,36500
Malaysia,8.0,50300
New Zealand,8.0,72000
Philippines,8.0,42000
Russia,8.0,97000
Singapore,8.0,39000
Spain,8.0,71500
Taiwan,8.0,37000
Japan,8.5,38000
Malaysia,8.5,52600
New Zealand,8.5,75500
Philippines,8.5,43500
Russia,8.5,102000
Singapore,8.5,40500
Spain,8.5,75000
Taiwan,8.5,38500
Japan,9.0,39000
Malaysia,9.0,54900
New Zealand,9.0,79000
Philippines,9.0,45000
Russia,9.0,106500
Singapore,9.0,42000
Spain,9.0,78500
Taiwan,9.0,40000
Japan,9.5,40500
Malaysia,9.5,57200
New Zealand,9.5,82500
Philippines,9.5,46500
Russia,9.5,111000
Singapore,9.5,43500
Spain,9.5,81500
Taiwan,9.5,41500
Japan,10.0,42000
Malaysia,10.0,59500
New Zealand,10.0,86000
Philippines,10.0,48000
Russia,10.0,116000
Singapore,10.0,44500
Spain,10.0,85000
Taiwan,10.0,43000
Japan,10.5,43000
Malaysia,10.5,61800
New Zealand,10.5,89500
Philippines,10.5,49500
Russia,10.5,120500
Singapore,10.5,46000
Spain,10.5,88500
Taiwan,10.5,44500
Japan,11.0,44500
Malaysia,11.0,64100
New Zealand,11.0,92500
Philippines,11.0,51000
Russia,11.0,125000
Singapore,11.0,48000
Spain,11.0,92000
Taiwan,11.0,46000
Japan,11.5,46000
Malaysia,11.5,66400
New Zealand,11.5,96000
Philippines,11.5,52500
Russia,11.5,129500
Singapore,11.5,49500
Spain,11.5,95500
Taiwan,11.5,47500
Japan,12.0,47000
Malaysia,12.0,68700
New Zealand,12.0,99500
Philippines,12.0,54000
Russia,12.0,134500
Singapore,12.0,50500
Spain,12.0,99000
Taiwan,12.0,49000
Japan,12.5,48500
Malaysia,12.5,71000
New Zealand,12.5,103000
Philippines,12.5,55500
Russia,12.5,139000
Singapore,12.5,52500
Spain,12.5,102500
Taiwan,12.5,50500
Japan,13.0,50000
Malaysia,13.0,73300
New Zealand,13.0,106500
Philippines,13.0,57000
Russia,13.0,144000
Singapore,13.0,53500
Spain,13.0,106000
Taiwan,13.0,52000
Japan,13.5,51000
Malaysia,13.5,75600
New Zealand,13.5,110000
Philippines,13.5,58500
Russia,13.5,148500
Singapore,13.5,55000
Spain,13.5,109500
Taiwan,13.5,53500
Japan,14.0,52500
Malaysia,14.0,77900
New Zealand,14.0,113500
Philippines,14.0,60000
Russia,14.0,153000
Singapore,14.0,56500
Spain,14.0,113000
Taiwan,14.0,55000
Japan,14.5,54000
Malaysia,14.5,80200
New Zealand,14.5,117000
Philippines,14.5,61500
Russia,14.5,158000
Singapore,14.5,58000
Spain,14.5,116500
Taiwan,14.5,56500
Japan,15.0,55000
Malaysia,15.0,82500
New Zealand,15.0,120500
Philippines,15.0,63000
Russia,15.0,162500
Singapore,15.0,59500
Spain,15.0,119500
Taiwan,15.0,58000
Japan,15.5,56500
Malaysia,15.5,84800
New Zealand,15.5,124000
Philippines,15.5,64500
Russia,15.5,167000
Singapore,15.5,61000
Spain,15.5,123000
Taiwan,15.5,59500
Japan,16.0,57500
Malaysia,16.0,87100
New Zealand,16.0,127500
Philippines,16.0,66000
Russia,16.0,172000
Singapore,16.0,62500
Spain,16.0,126500
Taiwan,16.0,61000
Japan,16.5,59000
Malaysia,16.5,89400
New Zealand,16.5,131000
Philippines,16.5,67500
Russia,16.5,176500
Singapore,16.5,64000
Spain,16.5,130000
Taiwan,16.5,62500
Japan,17.0,60500
Malaysia,17.0,91700
New Zealand,17.0,134500
Philippines,17.0,69000
Russia,17.0,181000
Singapore,17.0,65500
Spain,17.0,133500
Taiwan,17.0,64000
Japan,17.5,61500
Malaysia,17.5,94000
New Zealand,17.5,138000
Philippines,17.5,70500
Russia,17.5,186000
Singapore,17.5,67000
Spain,17.5,137000
Taiwan,17.5,65500
Japan,18.0,63000
Malaysia,18.0,96300
New Zealand,18.0,141500
Philippines,18.0,72000
Russia,18.0,190500
Singapore,18.0,68500
Spain,18.0,140000
Taiwan,18.0,67000
Japan,18.5,64500
Malaysia,18.5,98600
New Zealand,18.5,144500
Philippines,18.5,73500
Russia,18.5,195500
Singapore,18.5,70000
Spain,18.5,143500
Taiwan,18.5,68500
Japan,19.0,65500
Malaysia,19.0,100900
New Zealand,19.0,148500
Philippines,19.0,75000
Russia,19.0,200000
Singapore,19.0,71500
Spain,19.0,147000
Taiwan,19.0,70000
Japan,19.5,67000
Malaysia,19.5,103200
New Zealand,19.5,151500
Philippines,19.5,76500
Russia,19.5,205000
Singapore,19.5,73000
Spain,19.5,150500
Taiwan,19.5,71500
Japan,20.0,68000
Malaysia,20.0,105500
New Zealand,20.0,155000
Philippines,20.0,78000
Russia,20.0,209500
Singapore,20.0,74500
Spain,20.0,154000
Taiwan,20.0,73000
Japan,20.5,66500
Malaysia,20.5,100900
New Zealand,20.5,148500
Philippines,20.5,75000
Russia,20.5,200000
Singapore,20.5,71500
Spain,20.5,147000
Taiwan,20.5,70000
Thailand,0.5,17000
United Kingdom,0.5,26000
United States,0.5,23500
Vietnam,0.5,12500
Thailand,1.0,20000
United Kingdom,1.0,30500
United States,1.0,28000
Vietnam,1.0,14000
Thailand,1.5,23000
United Kingdom,1.5,32000
United States,1.5,31000
Vietnam,1.5,15500
Thailand,2.0,25500
United Kingdom,2.0,34000
United States,2.0,37000
Vietnam,2.0,17000
Thailand,2.5,26000
United Kingdom,2.5,35500
United States,2.5,42500
Vietnam,2.5,18500
Thailand,3.0,27500
United Kingdom,3.0,37000
United States,3.0,48000
Vietnam,3.0,20500
Thailand,3.5,29000
United Kingdom,3.5,40500
United States,3.5,54000
Vietnam,3.5,22000
Thailand,4.0,30500
United Kingdom,4.0,44000
United States,4.0,59500
Vietnam,4.0,24000
Thailand,4.5,32000
United Kingdom,4.5,47500
United States,4.5,65500
Vietnam,4.5,26000
Thailand,5.0,33500
United Kingdom,5.0,51000
United States,5.0,71000
Vietnam,5.0,28000
Thailand,5.5,35000
United Kingdom,5.5,54500
United States,5.5,77000
Vietnam,5.5,30000
Thailand,6.0,36500
United Kingdom,6.0,58000
United States,6.0,82500
Vietnam,6.0,31500
Thailand,6.5,38000
United Kingdom,6.5,61500
United States,6.5,88000
Vietnam,6.5,33500
Thailand,7.0,39500
United Kingdom,7.0,65000
United States,7.0,94000
Vietnam,7.0,35500
Thailand,7.5,41000
United Kingdom,7.5,68500
United States,7.5,99500
Vietnam,7.5,37500
Thailand,8.0,42500
United Kingdom,8.0,72000
United States,8.0,105500
Vietnam,8.0,39000
Thailand,8.5,44500
United Kingdom,8.5,75500
United States,8.5,111000
Vietnam,8.5,41000
Thailand,9.0,46500
United Kingdom,9.0,79000
United States,9.0,117000
Vietnam,9.0,43000
Thailand,9.5,48500
United Kingdom,9.5,82500
United States,9.5,122500
Vietnam,9.5,45000
Thailand,10.0,50500
United Kingdom,10.0,86000
United States,10.0,128000
Vietnam,10.0,47000
Thailand,10.5,52500
United Kingdom,10.5,89500
United States,10.5,134000
Vietnam,10.5,48500
Thailand,11.0,54500
United Kingdom,11.0,93000
United States,11.0,139500
Vietnam,11.0,50500
Thailand,11.5,56500
United Kingdom,11.5,96500
United States,11.5,145500
Vietnam,11.5,52500
Thailand,12.0,58500
United Kingdom,12.0,100000
United States,12.0,151000
Vietnam,12.0,54500
Thailand,12.5,60500
United Kingdom,12.5,103500
United States,12.5,157000
Vietnam,12.5,56000
Thailand,13.0,62500
United Kingdom,13.0,107000
United States,13.0,162500
Vietnam,13.0,58000
Thailand,13.5,64500
United Kingdom,13.5,110500
United States,13.5,168500
Vietnam,13.5,60000
Thailand,14.0,66500
United Kingdom,14.0,114000
United States,14.0,174000
Vietnam,14.0,62000
Thailand,14.5,68500
United Kingdom,14.5,117500
United States,14.5,179500
Vietnam,14.5,63500
Thailand,15.0,70500
United Kingdom,15.0,121000
United States,15.0,185500
Vietnam,15.0,65500
Thailand,15.5,72500
United Kingdom,15.5,124500
United States,15.5,191000
Vietnam,15.5,67500
Thailand,16.0,74500
United Kingdom,16.0,128000
United States,16.0,197000
Vietnam,16.0,69500
Thailand,16.5,76500
United Kingdom,16.5,131500
United States,16.5,202500
Vietnam,16.5,71500
Thailand,17.0,78500
United Kingdom,17.0,135000
United States,17.0,208500
Vietnam,17.0,73000
Thailand,17.5,80500
United Kingdom,17.5,138500
United States,17.5,214000
Vietnam,17.5,75000
Thailand,18.0,82500
United Kingdom,18.0,142000
United States,18.0,219500
Vietnam,18.0,77000
Thailand,18.5,84500
United Kingdom,18.5,145500
United States,18.5,225500
Vietnam,18.5,79000
Thailand,19.0,86500
United Kingdom,19.0,149000
United States,19.0,231000
Vietnam,19.0,80500
Thailand,19.5,88500
United Kingdom,19.5,152500
United States,19.5,237000
Vietnam,19.5,82500
Thailand,20.0,90500
United Kingdom,20.0,156000
United States,20.0,242500
Vietnam,20.0,84500
Thailand,20.5,88500
United Kingdom,20.5,152500
United States,20.5,237000
Vietnam,20.5,82500
Cambodia,0.5,13500
Cambodia,1.0,15500
Cambodia,1.5,17000
Cambodia,2.0,19000
Cambodia,2.5,21000
Cambodia,3.0,23000
Cambodia,3.5,24500
Cambodia,4.0,27000
Cambodia,4.5,28500
Cambodia,5.0,30500
Cambodia,5.5,32500
Cambodia,6.0,34500
Cambodia,6.5,36500
Cambodia,7.0,38500
Cambodia,7.5,40500
Cambodia,8.0,42000
Cambodia,8.5,44000
Cambodia,9.0,46000
Cambodia,9.5,48000
Cambodia,10.0,50000
Cambodia,10.5,52000
Cambodia,11.0,54000
Cambodia,11.5,56000
Cambodia,12.0,57500
Cambodia,12.5,59500
Cambodia,13.0,61500
Cambodia,13.5,63500
Cambodia,14.0,65500
Cambodia,14.5,67500
Cambodia,15.0,69000
Cambodia,15.5,71500
Cambodia,16.0,73000
Cambodia,16.5,75000
Cambodia,17.0,77000
Cambodia,17.5,79000
Cambodia,18.0,81000
Cambodia,18.5,83000
Cambodia,19.0,85000
Cambodia,19.5,86500
Cambodia,20.0,88500
Cambodia,20.5,86500
Laos,0.5,13500
Laos,1.0,15500
Laos,1.5,17000
Laos,2.0,19000
Laos,2.5,21000
Laos,3.0,23000
Laos,3.5,24500
Laos,4.0,27000
Laos,4.5,28500
Laos,5.0,30500
Laos,5.5,32500
Laos,6.0,34500
Laos,6.5,36500
Laos,7.0,38500
Laos,7.5,40500
Laos,8.0,42000
Laos,8.5,44000
Laos,9.0,46000
Laos,9.5,48000
Laos,10.0,50000
Laos,10.5,52000
Laos,11.0,54000
Laos,11.5,56000
Laos,12.0,57500
Laos,12.5,59500
Laos,13.0,61500
Laos,13.5,63500
Laos,14.0,65500
Laos,14.5,67500
Laos,15.0,69000
Laos,15.5,71500
Laos,16.0,73000
Laos,16.5,75000
Laos,17.0,77000
Laos,17.5,79000
Laos,18.0,81000
Laos,18.5,83000
Laos,19.0,85000
Laos,19.5,86500
Laos,20.0,88500
Laos,20.5,86500
Macao,0.5,13500
Macao,1.0,15500
Macao,1.5,17000
Macao,2.0,19000
Macao,2.5,21000
Macao,3.0,23000
Macao,3.5,24500
Macao,4.0,27000
Macao,4.5,28500
Macao,5.0,30500
Macao,5.5,32500
Macao,6.0,34500
Macao,6.5,36500
Macao,7.0,38500
Macao,7.5,40500
Macao,8.0,42000
Macao,8.5,44000
Macao,9.0,46000
Macao,9.5,48000
Macao,10.0,50000
Macao,10.5,52000
Macao,11.0,54000
Macao,11.5,56000
Macao,12.0,57500
Macao,12.5,59500
Macao,13.0,61500
Macao,13.5,63500
Macao,14.0,65500
Macao,14.5,67500
Macao,15.0,69000
Macao,15.5,71500
Macao,16.0,73000
Macao,16.5,75000
Macao,17.0,77000
Macao,17.5,79000
Macao,18.0,81000
Macao,18.5,83000
Macao,19.0,85000
Macao,19.5,86500
Macao,20.0,88500
Macao,20.5,86500
Mongolia,0.5,13500
Mongolia,1.0,15500
Mongolia,1.5,17000
Mongolia,2.0,19000
Mongolia,2.5,21000
Mongolia,3.0,23000
Mongolia,3.5,24500
Mongolia,4.0,27000
Mongolia,4.5,28500
Mongolia,5.0,30500
Mongolia,5.5,32500
Mongolia,6.0,34500
Mongolia,6.5,36500
Mongolia,7.0,38500
Mongolia,7.5,40500
Mongolia,8.0,42000
Mongolia,8.5,44000
Mongolia,9.0,46000
Mongolia,9.5,48000
Mongolia,10.0,50000
Mongolia,10.5,52000
Mongolia,11.0,54000
Mongolia,11.5,56000
Mongolia,12.0,57500
Mongolia,12.5,59500
Mongolia,13.0,61500
Mongolia,13.5,63500
Mongolia,14.0,65500
Mongolia,14.5,67500
Mongolia,15.0,69000
Mongolia,15.5,71500
Mongolia,16.0,73000
Mongolia,16.5,75000
Mongolia,17.0,77000
Mongolia,17.5,79000
Mongolia,18.0,81000
Mongolia,18.5,83000
Mongolia,19.0,85000
Mongolia,19.5,86500
Mongolia,20.0,88500
Mongolia,20.5,86500
Myanmar,0.5,13500
Myanmar,1.0,15500
Myanmar,1.5,17000
Myanmar,2.0,19000
Myanmar,2.5,21000
Myanmar,3.0,23000
Myanmar,3.5,24500
Myanmar,4.0,27000
Myanmar,4.5,28500
Myanmar,5.0,30500
Myanmar,5.5,32500
Myanmar,6.0,34500
Myanmar,6.5,36500
Myanmar,7.0,38500
Myanmar,7.5,40500
Myanmar,8.0,42000
Myanmar,8.5,44000
Myanmar,9.0,46000
Myanmar,9.5,48000
Myanmar,10.0,50000
Myanmar,10.5,52000
Myanmar,11.0,54000
Myanmar,11.5,56000
Myanmar,12.0,57500
Myanmar,12.5,59500
Myanmar,13.0,61500
Myanmar,13.5,63500
Myanmar,14.0,65500
Myanmar,14.5,67500
Myanmar,15.0,69000
Myanmar,15.5,71500
Myanmar,16.0,73000
Myanmar,16.5,75000
Myanmar,17.0,77000
Myanmar,17.5,79000
Myanmar,18.0,81000
Myanmar,18.5,83000
Myanmar,19.0,85000
Myanmar,19.5,86500
Myanmar,20.0,88500
Myanmar,20.5,86500
Bangladesh,0.5,18000
Bangladesh,1.0,21500
Bangladesh,1.5,24500
Bangladesh,2.0,27500
Bangladesh,2.5,31000
Bangladesh,3.0,34000
Bangladesh,3.5,37000
Bangladesh,4.0,40000
Bangladesh,4.5,43500
Bangladesh,5.0,46500
Bangladesh,5.5,49500
Bangladesh,6.0,53000
Bangladesh,6.5,56000
Bangladesh,7.0,59000
Bangladesh,7.5,62000
Bangladesh,8.0,65500
Bangladesh,8.5,68500
Bangladesh,9.0,71500
Bangladesh,9.5,74500
Bangladesh,10.0,78000
Bangladesh,10.5,81000
Bangladesh,11.0,84000
Bangladesh,11.5,87500
Bangladesh,12.0,90500
Bangladesh,12.5,93500
Bangladesh,13.0,97000
Bangladesh,13.5,100000
Bangladesh,14.0,103000
Bangladesh,14.5,106000
Bangladesh,15.0,109500
Bangladesh,15.5,112500
Bangladesh,16.0,115500
Bangladesh,16.5,119000
Bangladesh,17.0,122000
Bangladesh,17.5,125000
Bangladesh,18.0,128000
Bangladesh,18.5,131500
Bangladesh,19.0,134500
Bangladesh,19.5,137500
Bangladesh,20.0,140500
Bangladesh,20.5,137500
Bhutan,0.5,18000
Bhutan,1.0,21500
Bhutan,1.5,24500
Bhutan,2.0,27500
Bhutan,2.5,31000
Bhutan,3.0,34000
Bhutan,3.5,37000
Bhutan,4.0,40000
Bhutan,4.5,43500
Bhutan,5.0,46500
Bhutan,5.5,49500
Bhutan,6.0,53000
Bhutan,6.5,56000
Bhutan,7.0,59000
Bhutan,7.5,62000
Bhutan,8.0,65500
Bhutan,8.5,68500
Bhutan,9.0,71500
Bhutan,9.5,74500
Bhutan,10.0,78000
Bhutan,10.5,81000
Bhutan,11.0,84000
Bhutan,11.5,87500
Bhutan,12.0,90500
Bhutan,12.5,93500
Bhutan,13.0,97000
Bhutan,13.5,100000
Bhutan,14.0,103000
Bhutan,14.5,106000
Bhutan,15.0,109500
Bhutan,15.5,112500
Bhutan,16.0,115500
Bhutan,16.5,119000
Bhutan,17.0,122000
Bhutan,17.5,125000
Bhutan,18.0,128000
Bhutan,18.5,131500
Bhutan,19.0,134500
Bhutan,19.5,137500
Bhutan,20.0,140500
Bhutan,20.5,137500
Brunei,0.5,18000
Brunei,1.0,21500
Brunei,1.5,24500
Brunei,2.0,27500
Brunei,2.5,31000
Brunei,3.0,34000
Brunei,3.5,37000
Brunei,4.0,40000
Brunei,4.5,43500
Brunei,5.0,46500
Brunei,5.5,49500
Brunei,6.0,53000
Brunei,6.5,56000
Brunei,7.0,59000
Brunei,7.5,62000
Brunei,8.0,65500
Brunei,8.5,68500
Brunei,9.0,71500
Brunei,9.5,74500
Brunei,10.0,78000
Brunei,10.5,81000
Brunei,11.0,84000
Brunei,11.5,87500
Brunei,12.0,90500
Brunei,12.5,93500
Brunei,13.0,97000
Brunei,13.5,100000
Brunei,14.0,103000
Brunei,14.5,106000
Brunei,15.0,109500
Brunei,15.5,112500
Brunei,16.0,115500
Brunei,16.5,119000
Brunei,17.0,122000
Brunei,17.5,125000
Brunei,18.0,128000
Brunei,18.5,131500
Brunei,19.0,134500
Brunei,19.5,137500
Brunei,20.0,140500
Brunei,20.5,137500
India,0.5,18000
India,1.0,21500
India,1.5,24500
India,2.0,27500
India,2.5,31000
India,3.0,34000
India,3.5,37000
India,4.0,40000
India,4.5,43500
India,5.0,46500
India,5.5,49500
India,6.0,53000
India,6.5,56000
India,7.0,59000
India,7.5,62000
India,8.0,65500
India,8.5,68500
India,9.0,71500
India,9.5,74500
India,10.0,78000
India,10.5,81000
India,11.0,84000
India,11.5,87500
India,12.0,90500
India,12.5,93500
India,13.0,97000
India,13.5,100000
India,14.0,103000
India,14.5,106000
India,15.0,109500
India,15.5,112500
India,16.0,115500
India,16.5,119000
India,17.0,122000
India,17.5,125000
India,18.0,128000
India,18.5,131500
India,19.0,134500
India,19.5,137500
India,20.0,140500
India,20.5,137500
Maldives,0.5,18000
Maldives,1.0,21500
Maldives,1.5,24500
Maldives,2.0,27500
Maldives,2.5,31000
Maldives,3.0,34000
Maldives,3.5,37000
Maldives,4.0,40000
Maldives,4.5,43500
Maldives,5.0,46500
Maldives,5.5,49500
Maldives,6.0,53000
Maldives,6.5,56000
Maldives,7.0,59000
Maldives,7.5,62000
Maldives,8.0,65500
Maldives,8.5,68500
Maldives,9.0,71500
Maldives,9.5,74500
Maldives,10.0,78000
Maldives,10.5,81000
Maldives,11.0,84000
Maldives,11.5,87500
Maldives,12.0,90500
Maldives,12.5,93500
Maldives,13.0,97000
Maldives,13.5,100000
Maldives,14.0,103000
Maldives,14.5,106000
Maldives,15.0,109500
Maldives,15.5,112500
Maldives,16.0,115500
Maldives,16.5,119000
Maldives,17.0,122000
Maldives,17.5,125000
Maldives,18.0,128000
Maldives,18.5,131500
Maldives,19.0,134500
Maldives,19.5,137500
Maldives,20.0,140500
Maldives,20.5,137500
Nepal,0.5,18000
Nepal,1.0,21500
Nepal,1.5,24500
Nepal,2.0,27500
Nepal,2.5,31000
Nepal,3.0,34000
Nepal,3.5,37000
Nepal,4.0,40000
Nepal,4.5,43500
Nepal,5.0,46500
Nepal,5.5,49500
Nepal,6.0,53000
Nepal,6.5,56000
Nepal,7.0,59000
Nepal,7.5,62000
Nepal,8.0,65500
Nepal,8.5,68500
Nepal,9.0,71500
Nepal,9.5,74500
Nepal,10.0,78000
Nepal,10.5,81000
Nepal,11.0,84000
Nepal,11.5,87500
Nepal,12.0,90500
Nepal,12.5,93500
Nepal,13.0,97000
Nepal,13.5,100000
Nepal,14.0,103000
Nepal,14.5,106000
Nepal,15.0,109500
Nepal,15.5,112500
Nepal,16.0,115500
Nepal,16.5,119000
Nepal,17.0,122000
Nepal,17.5,125000
Nepal,18.0,128000
Nepal,18.5,131500
Nepal,19.0,134500
Nepal,19.5,137500
Nepal,20.0,140500
Nepal,20.5,137500
Sri Lanka,0.5,18000
Sri Lanka,1.0,21500
Sri Lanka,1.5,24500
Sri Lanka,2.0,27500
Sri Lanka,2.5,31000
Sri Lanka,3.0,34000
Sri Lanka,3.5,37000
Sri Lanka,4.0,40000
Sri Lanka,4.5,43500
Sri Lanka,5.0,46500
Sri Lanka,5.5,49500
Sri Lanka,6.0,53000
Sri Lanka,6.5,56000
Sri Lanka,7.0,59000
Sri Lanka,7.5,62000
Sri Lanka,8.0,65500
Sri Lanka,8.5,68500
Sri Lanka,9.0,71500
Sri Lanka,9.5,74500
Sri Lanka,10.0,78000
Sri Lanka,10.5,81000
Sri Lanka,11.0,84000
Sri Lanka,11.5,87500
Sri Lanka,12.0,90500
Sri Lanka,12.5,93500
Sri Lanka,13.0,97000
Sri Lanka,13.5,100000
Sri Lanka,14.0,103000
Sri Lanka,14.5,106000
Sri Lanka,15.0,109500
Sri Lanka,15.5,112500
Sri Lanka,16.0,115500
Sri Lanka,16.5,119000
Sri Lanka,17.0,122000
Sri Lanka,17.5,125000
Sri Lanka,18.0,128000
Sri Lanka,18.5,131500
Sri Lanka,19.0,134500
Sri Lanka,19.5,137500
Sri Lanka,20.0,140500
Sri Lanka,20.5,137500
Afghanistan,0.5,20500
Afghanistan,1.0,24500
Afghanistan,1.5,28000
Afghanistan,2.0,31500
Afghanistan,2.5,35000
Afghanistan,3.0,39000
Afghanistan,3.5,42500
Afghanistan,4.0,46000
Afghanistan,4.5,49500
Afghanistan,5.0,53500
Afghanistan,5.5,57000
Afghanistan,6.0,60500
Afghanistan,6.5,64500
Afghanistan,7.0,68000
Afghanistan,7.5,71500
Afghanistan,8.0,75000
Afghanistan,8.5,78500
Afghanistan,9.0,82500
Afghanistan,9.5,86000
Afghanistan,10.0,89500
Afghanistan,10.5,93500
Afghanistan,11.0,97000
Afghanistan,11.5,100500
Afghanistan,12.0,104000
Afghanistan,12.5,108000
Afghanistan,13.0,111500
Afghanistan,13.5,115000
Afghanistan,14.0,118500
Afghanistan,14.5,122500
Afghanistan,15.0,126000
Afghanistan,15.5,129500
Afghanistan,16.0,133000
Afghanistan,16.5,136500
Afghanistan,17.0,140500
Afghanistan,17.5,144000
Afghanistan,18.0,147500
Afghanistan,18.5,151000
Afghanistan,19.0,155000
Afghanistan,19.5,158500
Afghanistan,20.0,162000
Afghanistan,20.5,158500
Albania,0.5,20500
Albania,1.0,24500
Albania,1.5,28000
Albania,2.0,31500
Albania,2.5,35000
Albania,3.0,39000
Albania,3.5,42500
Albania,4.0,46000
Albania,4.5,49500
Albania,5.0,53500
Albania,5.5,57000
Albania,6.0,60500
Albania,6.5,64500
Albania,7.0,68000
Albania,7.5,71500
Albania,8.0,75000
Albania,8.5,78500
Albania,9.0,82500
Albania,9.5,86000
Albania,10.0,89500
Albania,10.5,93500
Albania,11.0,97000
Albania,11.5,100500
Albania,12.0,104000
Albania,12.5,108000
Albania,13.0,111500
Albania,13.5,115000
Albania,14.0,118500
Albania,14.5,122500
Albania,15.0,126000
Albania,15.5,129500
Albania,16.0,133000
Albania,16.5,136500
Albania,17.0,140500
Albania,17.5,144000
Albania,18.0,147500
Albania,18.5,151000
Albania,19.0,155000
Albania,19.5,158500
Albania,20.0,162000
Albania,20.5,158500
Austria,0.5,20500
Austria,1.0,24500
Austria,1.5,28000
Austria,2.0,31500
Austria,2.5,35000
Austria,3.0,39000
Austria,3.5,42500
Austria,4.0,46000
Austria,4.5,49500
Austria,5.0,53500
Austria,5.5,57000
Austria,6.0,60500
Austria,6.5,64500
Austria,7.0,68000
Austria,7.5,71500
Austria,8.0,75000
Austria,8.5,78500
Austria,9.0,82500
Austria,9.5,86000
Austria,10.0,89500
Austria,10.5,93500
Austria,11.0,97000
Austria,11.5,100500
Austria,12.0,104000
Austria,12.5,108000
Austria,13.0,111500
Austria,13.5,115000
Austria,14.0,118500
Austria,14.5,122500
Austria,15.0,126000
Austria,15.5,129500
Austria,16.0,133000
Austria,16.5,136500
Austria,17.0,140500
Austria,17.5,144000
Austria,18.0,147500
Austria,18.5,151000
Austria,19.0,155000
Austria,19.5,158500
Austria,20.0,162000
Austria,20.5,158500
Azerbaijan,0.5,20500
Azerbaijan,1.0,24500
Azerbaijan,1.5,28000
Azerbaijan,2.0,31500
Azerbaijan,2.5,35000
Azerbaijan,3.0,39000
Azerbaijan,3.5,42500
Azerbaijan,4.0,46000
Azerbaijan,4.5,49500
Azerbaijan,5.0,53500
Azerbaijan,5.5,57000
Azerbaijan,6.0,60500
Azerbaijan,6.5,64500
Azerbaijan,7.0,68000
Azerbaijan,7.5,71500
Azerbaijan,8.0,75000
Azerbaijan,8.5,78500
Azerbaijan,9.0,82500
Azerbaijan,9.5,86000
Azerbaijan,10.0,89500
Azerbaijan,10.5,93500
Azerbaijan,11.0,97000
Azerbaijan,11.5,100500
Azerbaijan,12.0,104000
Azerbaijan,12.5,108000
Azerbaijan,13.0,111500
Azerbaijan,13.5,115000
Azerbaijan,14.0,118500
Azerbaijan,14.5,122500
Azerbaijan,15.0,126000
Azerbaijan,15.5,129500
Azerbaijan,16.0,133000
Azerbaijan,16.5,136500
Azerbaijan,17.0,140500
Azerbaijan,17.5,144000
Azerbaijan,18.0,147500
Azerbaijan,18.5,151000
Azerbaijan,19.0,155000
Azerbaijan,19.5,158500
Azerbaijan,20.0,162000
Azerbaijan,20.5,158500
Bahrain,0.5,20500
Bahrain,1.0,24500
Bahrain,1.5,28000
Bahrain,2.0,31500
Bahrain,2.5,35000
Bahrain,3.0,39000
Bahrain,3.5,42500
Bahrain,4.0,46000
Bahrain,4.5,49500
Bahrain,5.0,53500
Bahrain,5.5,57000
Bahrain,6.0,60500
Bahrain,6.5,64500
Bahrain,7.0,68000
Bahrain,7.5,71500
Bahrain,8.0,75000
Bahrain,8.5,78500
Bahrain,9.0,82500
Bahrain,9.5,86000
Bahrain,10.0,89500
Bahrain,10.5,93500
Bahrain,11.0,97000
Bahrain,11.5,100500
Bahrain,12.0,104000
Bahrain,12.5,108000
Bahrain,13.0,111500
Bahrain,13.5,115000
Bahrain,14.0,118500
Bahrain,14.5,122500
Bahrain,15.0,126000
Bahrain,15.5,129500
Bahrain,16.0,133000
Bahrain,16.5,136500
Bahrain,17.0,140500
Bahrain,17.5,144000
Bahrain,18.0,147500
Bahrain,18.5,151000
Bahrain,19.0,155000
Bahrain,19.5,158500
Bahrain,20.0,162000
Bahrain,20.5,158500
Belgium,0.5,20500
Belgium,1.0,24500
Belgium,1.5,28000
Belgium,2.0,31500
Belgium,2.5,35000
Belgium,3.0,39000
Belgium,3.5,42500
Belgium,4.0,46000
Belgium,4.5,49500
Belgium,5.0,53500
Belgium,5.5,57000
Belgium,6.0,60500
Belgium,6.5,64500
Belgium,7.0,68000
Belgium,7.5,71500
Belgium,8.0,75000
Belgium,8.5,78500
Belgium,9.0,82500
Belgium,9.5,86000
Belgium,10.0,89500
Belgium,10.5,93500
Belgium,11.0,97000
Belgium,11.5,100500
Belgium,12.0,104000
Belgium,12.5,108000
Belgium,13.0,111500
Belgium,13.5,115000
Belgium,14.0,118500
Belgium,14.5,122500
Belgium,15.0,126000
Belgium,15.5,129500
Belgium,16.0,133000
Belgium,16.5,136500
Belgium,17.0,140500
Belgium,17.5,144000
Belgium,18.0,147500
Belgium,18.5,151000
Belgium,19.0,155000
Belgium,19.5,158500
Belgium,20.0,162000
Belgium,20.5,158500
Bulgaria,0.5,20500
Bulgaria,1.0,24500
Bulgaria,1.5,28000
Bulgaria,2.0,31500
Bulgaria,2.5,35000
Bulgaria,3.0,39000
Bulgaria,3.5,42500
Bulgaria,4.0,46000
Bulgaria,4.5,49500
Bulgaria,5.0,53500
Bulgaria,5.5,57000
Bulgaria,6.0,60500
Bulgaria,6.5,64500
Bulgaria,7.0,68000
Bulgaria,7.5,71500
Bulgaria,8.0,75000
Bulgaria,8.5,78500
Bulgaria,9.0,82500
Bulgaria,9.5,86000
Bulgaria,10.0,89500
Bulgaria,10.5,93500
Bulgaria,11.0,97000
Bulgaria,11.5,100500
Bulgaria,12.0,104000
Bulgaria,12.5,108000
Bulgaria,13.0,111500
Bulgaria,13.5,115000
Bulgaria,14.0,118500
Bulgaria,14.5,122500
Bulgaria,15.0,126000
Bulgaria,15.5,129500
Bulgaria,16.0,133000
Bulgaria,16.5,136500
Bulgaria,17.0,140500
Bulgaria,17.5,144000
Bulgaria,18.0,147500
Bulgaria,18.5,151000
Bulgaria,19.0,155000
Bulgaria,19.5,158500
Bulgaria,20.0,162000
Bulgaria,20.5,158500
Croatia,0.5,20500
Croatia,1.0,24500
Croatia,1.5,28000
Croatia,2.0,31500
Croatia,2.5,35000
Croatia,3.0,39000
Croatia,3.5,42500
Croatia,4.0,46000
Croatia,4.5,49500
Croatia,5.0,53500
Croatia,5.5,57000
Croatia,6.0,60500
Croatia,6.5,64500
Croatia,7.0,68000
Croatia,7.5,71500
Croatia,8.0,75000
Croatia,8.5,78500
Croatia,9.0,82500
Croatia,9.5,86000
Croatia,10.0,89500
Croatia,10.5,93500
Croatia,11.0,97000
Croatia,11.5,100500
Croatia,12.0,104000
Croatia,12.5,108000
Croatia,13.0,111500
Croatia,13.5,115000
Croatia,14.0,118500
Croatia,14.5,122500
Croatia,15.0,126000
Croatia,15.5,129500
Croatia,16.0,133000
Croatia,16.5,136500
Croatia,17.0,140500
Croatia,17.5,144000
Croatia,18.0,147500
Croatia,18.5,151000
Croatia,19.0,155000
Croatia,19.5,158500
Croatia,20.0,162000
Croatia,20.5,158500
Czech Republic,0.5,20500
Czech Republic,1.0,24500
Czech Republic,1.5,28000
Czech Republic,2.0,31500
Czech Republic,2.5,35000
Czech Republic,3.0,39000
Czech Republic,3.5,42500
Czech Republic,4.0,46000
Czech Republic,4.5,49500
Czech Republic,5.0,53500
Czech Republic,5.5,57000
Czech Republic,6.0,60500
Czech Republic,6.5,64500
Czech Republic,7.0,68000
Czech Republic,7.5,71500
Czech Republic,8.0,75000
Czech Republic,8.5,78500
Czech Republic,9.0,82500
Czech Republic,9.5,86000
Czech Republic,10.0,89500
Czech Republic,10.5,93500
Czech Republic,11.0,97000
Czech Republic,11.5,100500
Czech Republic,12.0,104000
Czech Republic,12.5,108000
Czech Republic,13.0,111500
Czech Republic,13.5,115000
Czech Republic,14.0,118500
Czech Republic,14.5,122500
Czech Republic,15.0,126000
Czech Republic,15.5,129500
Czech Republic,16.0,133000
Czech Republic,16.5,136500
Czech Republic,17.0,140500
Czech Republic,17.5,144000
Czech Republic,18.0,147500
Czech Republic,18.5,151000
Czech Republic,19.0,155000
Czech Republic,19.5,158500
Czech Republic,20.0,162000
Czech Republic,20.5,158500
Denmark,0.5,20500
Denmark,1.0,24500
Denmark,1.5,28000
Denmark,2.0,31500
Denmark,2.5,35000
Denmark,3.0,39000
Denmark,3.5,42500
Denmark,4.0,46000
Denmark,4.5,49500
Denmark,5.0,53500
Denmark,5.5,57000
Denmark,6.0,60500
Denmark,6.5,64500
Denmark,7.0,68000
Denmark,7.5,71500
Denmark,8.0,75000
Denmark,8.5,78500
Denmark,9.0,82500
Denmark,9.5,86000
Denmark,10.0,89500
Denmark,10.5,93500
Denmark,11.0,97000
Denmark,11.5,100500
Denmark,12.0,104000
Denmark,12.5,108000
Denmark,13.0,111500
Denmark,13.5,115000
Denmark,14.0,118500
Denmark,14.5,122500
Denmark,15.0,126000
Denmark,15.5,129500
Denmark,16.0,133000
Denmark,16.5,136500
Denmark,17.0,140500
Denmark,17.5,144000
Denmark,18.0,147500
Denmark,18.5,151000
Denmark,19.0,155000
Denmark,19.5,158500
Denmark,20.0,162000
Denmark,20.5,158500
Finland,0.5,20500
Finland,1.0,24500
Finland,1.5,28000
Finland,2.0,31500
Finland,2.5,35000
Finland,3.0,39000
Finland,3.5,42500
Finland,4.0,46000
Finland,4.5,49500
Finland,5.0,53500
Finland,5.5,57000
Finland,6.0,60500
Finland,6.5,64500
Finland,7.0,68000
Finland,7.5,71500
Finland,8.0,75000
Finland,8.5,78500
Finland,9.0,82500
Finland,9.5,86000
Finland,10.0,89500
Finland,10.5,93500
Finland,11.0,97000
Finland,11.5,100500
Finland,12.0,104000
Finland,12.5,108000
Finland,13.0,111500
Finland,13.5,115000
Finland,14.0,118500
Finland,14.5,122500
Finland,15.0,126000
Finland,15.5,129500
Finland,16.0,133000
Finland,16.5,136500
Finland,17.0,140500
Finland,17.5,144000
Finland,18.0,147500
Finland,18.5,151000
Finland,19.0,155000
Finland,19.5,158500
Finland,20.0,162000
Finland,20.5,158500
Georgia,0.5,20500
Georgia,1.0,24500
Georgia,1.5,28000
Georgia,2.0,31500
Georgia,2.5,35000
Georgia,3.0,39000
Georgia,3.5,42500
Georgia,4.0,46000
Georgia,4.5,49500
Georgia,5.0,53500
Georgia,5.5,57000
Georgia,6.0,60500
Georgia,6.5,64500
Georgia,7.0,68000
Georgia,7.5,71500
Georgia,8.0,75000
Georgia,8.5,78500
Georgia,9.0,82500
Georgia,9.5,86000
Georgia,10.0,89500
Georgia,10.5,93500
Georgia,11.0,97000
Georgia,11.5,100500
Georgia,12.0,104000
Georgia,12.5,108000
Georgia,13.0,111500
Georgia,13.5,115000
Georgia,14.0,118500
Georgia,14.5,122500
Georgia,15.0,126000
Georgia,15.5,129500
Georgia,16.0,133000
Georgia,16.5,136500
Georgia,17.0,140500
Georgia,17.5,144000
Georgia,18.0,147500
Georgia,18.5,151000
Georgia,19.0,155000
Georgia,19.5,158500
Georgia,20.0,162000
Georgia,20.5,158500
Guam,0.5,20500
Guam,1.0,24500
Guam,1.5,28000
Guam,2.0,31500
Guam,2.5,35000
Guam,3.0,39000
Guam,3.5,42500
Guam,4.0,46000
Guam,4.5,49500
Guam,5.0,53500
Guam,5.5,57000
Guam,6.0,60500
Guam,6.5,64500
Guam,7.0,68000
Guam,7.5,71500
Guam,8.0,75000
Guam,8.5,78500
Guam,9.0,82500
Guam,9.5,86000
Guam,10.0,89500
Guam,10.5,93500
Guam,11.0,97000
Guam,11.5,100500
Guam,12.0,104000
Guam,12.5,108000
Guam,13.0,111500
Guam,13.5,115000
Guam,14.0,118500
Guam,14.5,122500
Guam,15.0,126000
Guam,15.5,129500
Guam,16.0,133000
Guam,16.5,136500
Guam,17.0,140500
Guam,17.5,144000
Guam,18.0,147500
Guam,18.5,151000
Guam,19.0,155000
Guam,19.5,158500
Guam,20.0,162000
Guam,20.5,158500
Hungary,0.5,20500
Hungary,1.0,24500
Hungary,1.5,28000
Hungary,2.0,31500
Hungary,2.5,35000
Hungary,3.0,39000
Hungary,3.5,42500
Hungary,4.0,46000
Hungary,4.5,49500
Hungary,5.0,53500
Hungary,5.5,57000
Hungary,6.0,60500
Hungary,6.5,64500
Hungary,7.0,68000
Hungary,7.5,71500
Hungary,8.0,75000
Hungary,8.5,78500
Hungary,9.0,82500
Hungary,9.5,86000
Hungary,10.0,89500
Hungary,10.5,93500
Hungary,11.0,97000
Hungary,11.5,100500
Hungary,12.0,104000
Hungary,12.5,108000
Hungary,13.0,111500
Hungary,13.5,115000
Hungary,14.0,118500
Hungary,14.5,122500
Hungary,15.0,126000
Hungary,15.5,129500
Hungary,16.0,133000
Hungary,16.5,136500
Hungary,17.0,140500
Hungary,17.5,144000
Hungary,18.0,147500
Hungary,18.5,151000
Hungary,19.0,155000
Hungary,19.5,158500
Hungary,20.0,162000
Hungary,20.5,158500
Iran,0.5,20500
Iran,1.0,24500
Iran,1.5,28000
Iran,2.0,31500
Iran,2.5,35000
Iran,3.0,39000
Iran,3.5,42500
Iran,4.0,46000
Iran,4.5,49500
Iran,5.0,53500
Iran,5.5,57000
Iran,6.0,60500
Iran,6.5,64500
Iran,7.0,68000
Iran,7.5,71500
Iran,8.0,75000
Iran,8.5,78500
Iran,9.0,82500
Iran,9.5,86000
Iran,10.0,89500
Iran,10.5,93500
Iran,11.0,97000
Iran,11.5,100500
Iran,12.0,104000
Iran,12.5,108000
Iran,13.0,111500
Iran,13.5,115000
Iran,14.0,118500
Iran,14.5,122500
Iran,15.0,126000
Iran,15.5,129500
Iran,16.0,133000
Iran,16.5,136500
Iran,17.0,140500
Iran,17.5,144000
Iran,18.0,147500
Iran,18.5,151000
Iran,19.0,155000
Iran,19.5,158500
Iran,20.0,162000
Iran,20.5,158500
Iraq,0.5,20500
Iraq,1.0,24500
Iraq,1.5,28000
Iraq,2.0,31500
Iraq,2.5,35000
Iraq,3.0,39000
Iraq,3.5,42500
Iraq,4.0,46000
Iraq,4.5,49500
Iraq,5.0,53500
Iraq,5.5,57000
Iraq,6.0,60500
Iraq,6.5,64500
Iraq,7.0,68000
Iraq,7.5,71500
Iraq,8.0,75000
Iraq,8.5,78500
Iraq,9.0,82500
Iraq,9.5,86000
Iraq,10.0,89500
Iraq,10.5,93500
Iraq,11.0,97000
Iraq,11.5,100500
Iraq,12.0,104000
Iraq,12.5,108000
Iraq,13.0,111500
Iraq,13.5,115000
Iraq,14.0,118500
Iraq,14.5,122500
Iraq,15.0,126000
Iraq,15.5,129500
Iraq,16.0,133000
Iraq,16.5,136500
Iraq,17.0,140500
Iraq,17.5,144000
Iraq,18.0,147500
Iraq,18.5,151000
Iraq,19.0,155000
Iraq,19.5,158500
Iraq,20.0,162000
Iraq,20.5,158500
Ireland,0.5,20500
Ireland,1.0,24500
Ireland,1.5,28000
Ireland,2.0,31500
Ireland,2.5,35000
Ireland,3.0,39000
Ireland,3.5,42500
Ireland,4.0,46000
Ireland,4.5,49500
Ireland,5.0,53500
Ireland,5.5,57000
Ireland,6.0,60500
Ireland,6.5,64500
Ireland,7.0,68000
Ireland,7.5,71500
Ireland,8.0,75000
Ireland,8.5,78500
Ireland,9.0,82500
Ireland,9.5,86000
Ireland,10.0,89500
Ireland,10.5,93500
Ireland,11.0,97000
Ireland,11.5,100500
Ireland,12.0,104000
Ireland,12.5,108000
Ireland,13.0,111500
Ireland,13.5,115000
Ireland,14.0,118500
Ireland,14.5,122500
Ireland,15.0,126000
Ireland,15.5,129500
Ireland,16.0,133000
Ireland,16.5,136500
Ireland,17.0,140500
Ireland,17.5,144000
Ireland,18.0,147500
Ireland,18.5,151000
Ireland,19.0,155000
Ireland,19.5,158500
Ireland,20.0,162000
Ireland,20.5,158500
Israel,0.5,20500
Israel,1.0,24500
Israel,1.5,28000
Israel,2.0,31500
Israel,2.5,35000
Israel,3.0,39000
Israel,3.5,42500
Israel,4.0,46000
Israel,4.5,49500
Israel,5.0,53500
Israel,5.5,57000
Israel,6.0,60500
Israel,6.5,64500
Israel,7.0,68000
Israel,7.5,71500
Israel,8.0,75000
Israel,8.5,78500
Israel,9.0,82500
Israel,9.5,86000
Israel,10.0,89500
Israel,10.5,93500
Israel,11.0,97000
Israel,11.5,100500
Israel,12.0,104000
Israel,12.5,108000
Israel,13.0,111500
Israel,13.5,115000
Israel,14.0,118500
Israel,14.5,122500
Israel,15.0,126000
Israel,15.5,129500
Israel,16.0,133000
Israel,16.5,136500
Israel,17.0,140500
Israel,17.5,144000
Israel,18.0,147500
Israel,18.5,151000
Israel,19.0,155000
Israel,19.5,158500
Israel,20.0,162000
Israel,20.5,158500
Italy,0.5,20500
Italy,1.0,24500
Italy,1.5,28000
Italy,2.0,31500
Italy,2.5,35000
Italy,3.0,39000
Italy,3.5,42500
Italy,4.0,46000
Italy,4.5,49500
Italy,5.0,53500
Italy,5.5,57000
Italy,6.0,60500
Italy,6.5,64500
Italy,7.0,68000
Italy,7.5,71500
Italy,8.0,75000
Italy,8.5,78500
Italy,9.0,82500
Italy,9.5,86000
Italy,10.0,89500
Italy,10.5,93500
Italy,11.0,97000
Italy,11.5,100500
Italy,12.0,104000
Italy,12.5,108000
Italy,13.0,111500
Italy,13.5,115000
Italy,14.0,118500
Italy,14.5,122500
Italy,15.0,126000
Italy,15.5,129500
Italy,16.0,133000
Italy,16.5,136500
Italy,17.0,140500
Italy,17.5,144000
Italy,18.0,147500
Italy,18.5,151000
Italy,19.0,155000
Italy,19.5,158500
Italy,20.0,162000
Italy,20.5,158500
Jordan,0.5,20500
Jordan,1.0,24500
Jordan,1.5,28000
Jordan,2.0,31500
Jordan,2.5,35000
Jordan,3.0,39000
Jordan,3.5,42500
Jordan,4.0,46000
Jordan,4.5,49500
Jordan,5.0,53500
Jordan,5.5,57000
Jordan,6.0,60500
Jordan,6.5,64500
Jordan,7.0,68000
Jordan,7.5,71500
Jordan,8.0,75000
Jordan,8.5,78500
Jordan,9.0,82500
Jordan,9.5,86000
Jordan,10.0,89500
Jordan,10.5,93500
Jordan,11.0,97000
Jordan,11.5,100500
Jordan,12.0,104000
Jordan,12.5,108000
Jordan,13.0,111500
Jordan,13.5,115000
Jordan,14.0,118500
Jordan,14.5,122500
Jordan,15.0,126000
Jordan,15.5,129500
Jordan,16.0,133000
Jordan,16.5,136500
Jordan,17.0,140500
Jordan,17.5,144000
Jordan,18.0,147500
Jordan,18.5,151000
Jordan,19.0,155000
Jordan,19.5,158500
Jordan,20.0,162000
Jordan,20.5,158500
Kazakhstan,0.5,20500
Kazakhstan,1.0,24500
Kazakhstan,1.5,28000
Kazakhstan,2.0,31500
Kazakhstan,2.5,35000
Kazakhstan,3.0,39000
Kazakhstan,3.5,42500
Kazakhstan,4.0,46000
Kazakhstan,4.5,49500
Kazakhstan,5.0,53500
Kazakhstan,5.5,57000
Kazakhstan,6.0,60500
Kazakhstan,6.5,64500
Kazakhstan,7.0,68000
Kazakhstan,7.5,71500
Kazakhstan,8.0,75000
Kazakhstan,8.5,78500
Kazakhstan,9.0,82500
Kazakhstan,9.5,86000
Kazakhstan,10.0,89500
Kazakhstan,10.5,93500
Kazakhstan,11.0,97000
Kazakhstan,11.5,100500
Kazakhstan,12.0,104000
Kazakhstan,12.5,108000
Kazakhstan,13.0,111500
Kazakhstan,13.5,115000
Kazakhstan,14.0,118500
Kazakhstan,14.5,122500
Kazakhstan,15.0,126000
Kazakhstan,15.5,129500
Kazakhstan,16.0,133000
Kazakhstan,16.5,136500
Kazakhstan,17.0,140500
Kazakhstan,17.5,144000
Kazakhstan,18.0,147500
Kazakhstan,18.5,151000
Kazakhstan,19.0,155000
Kazakhstan,19.5,158500
Kazakhstan,20.0,162000
Kazakhstan,20.5,158500
Kuwait,0.5,20500
Kuwait,1.0,24500
Kuwait,1.5,28000
Kuwait,2.0,31500
Kuwait,2.5,35000
Kuwait,3.0,39000
Kuwait,3.5,42500
Kuwait,4.0,46000
Kuwait,4.5,49500
Kuwait,5.0,53500
Kuwait,5.5,57000
Kuwait,6.0,60500
Kuwait,6.5,64500
Kuwait,7.0,68000
Kuwait,7.5,71500
Kuwait,8.0,75000
Kuwait,8.5,78500
Kuwait,9.0,82500
Kuwait,9.5,86000
Kuwait,10.0,89500
Kuwait,10.5,93500
Kuwait,11.0,97000
Kuwait,11.5,100500
Kuwait,12.0,104000
Kuwait,12.5,108000
Kuwait,13.0,111500
Kuwait,13.5,115000
Kuwait,14.0,118500
Kuwait,14.5,122500
Kuwait,15.0,126000
Kuwait,15.5,129500
Kuwait,16.0,133000
Kuwait,16.5,136500
Kuwait,17.0,140500
Kuwait,17.5,144000
Kuwait,18.0,147500
Kuwait,18.5,151000
Kuwait,19.0,155000
Kuwait,19.5,158500
Kuwait,20.0,162000
Kuwait,20.5,158500
Kyrgyzstan,0.5,20500
Kyrgyzstan,1.0,24500
Kyrgyzstan,1.5,28000
Kyrgyzstan,2.0,31500
Kyrgyzstan,2.5,35000
Kyrgyzstan,3.0,39000
Kyrgyzstan,3.5,42500
Kyrgyzstan,4.0,46000
Kyrgyzstan,4.5,49500
Kyrgyzstan,5.0,53500
Kyrgyzstan,5.5,57000
Kyrgyzstan,6.0,60500
Kyrgyzstan,6.5,64500
Kyrgyzstan,7.0,68000
Kyrgyzstan,7.5,71500
Kyrgyzstan,8.0,75000
Kyrgyzstan,8.5,78500
Kyrgyzstan,9.0,82500
Kyrgyzstan,9.5,86000
Kyrgyzstan,10.0,89500
Kyrgyzstan,10.5,93500
Kyrgyzstan,11.0,97000
Kyrgyzstan,11.5,100500
Kyrgyzstan,12.0,104000
Kyrgyzstan,12.5,108000
Kyrgyzstan,13.0,111500
Kyrgyzstan,13.5,115000
Kyrgyzstan,14.0,118500
Kyrgyzstan,14.5,122500
Kyrgyzstan,15.0,126000
Kyrgyzstan,15.5,129500
Kyrgyzstan,16.0,133000
Kyrgyzstan,16.5,136500
Kyrgyzstan,17.0,140500
Kyrgyzstan,17.5,144000
Kyrgyzstan,18.0,147500
Kyrgyzstan,18.5,151000
Kyrgyzstan,19.0,155000
Kyrgyzstan,19.5,158500
Kyrgyzstan,20.0,162000
Kyrgyzstan,20.5,158500
Lebanon,0.5,20500
Lebanon,1.0,24500
Lebanon,1.5,28000
Lebanon,2.0,31500
Lebanon,2.5,35000
Lebanon,3.0,39000
Lebanon,3.5,42500
Lebanon,4.0,46000
Lebanon,4.5,49500
Lebanon,5.0,53500
Lebanon,5.5,57000
Lebanon,6.0,60500
Lebanon,6.5,64500
Lebanon,7.0,68000
Lebanon,7.5,71500
Lebanon,8.0,75000
Lebanon,8.5,78500
Lebanon,9.0,82500
Lebanon,9.5,86000
Lebanon,10.0,89500
Lebanon,10.5,93500
Lebanon,11.0,97000
Lebanon,11.5,100500
Lebanon,12.0,104000
Lebanon,12.5,108000
Lebanon,13.0,111500
Lebanon,13.5,115000
Lebanon,14.0,118500
Lebanon,14.5,122500
Lebanon,15.0,126000
Lebanon,15.5,129500
Lebanon,16.0,133000
Lebanon,16.5,136500
Lebanon,17.0,140500
Lebanon,17.5,144000
Lebanon,18.0,147500
Lebanon,18.5,151000
Lebanon,19.0,155000
Lebanon,19.5,158500
Lebanon,20.0,162000
Lebanon,20.5,158500
Luxembourg,0.5,20500
Luxembourg,1.0,24500
Luxembourg,1.5,28000
Luxembourg,2.0,31500
Luxembourg,2.5,35000
Luxembourg,3.0,39000
Luxembourg,3.5,42500
Luxembourg,4.0,46000
Luxembourg,4.5,49500
Luxembourg,5.0,53500
Luxembourg,5.5,57000
Luxembourg,6.0,60500
Luxembourg,6.5,64500
Luxembourg,7.0,68000
Luxembourg,7.5,71500
Luxembourg,8.0,75000
Luxembourg,8.5,78500
Luxembourg,9.0,82500
Luxembourg,9.5,86000
Luxembourg,10.0,89500
Luxembourg,10.5,93500
Luxembourg,11.0,97000
Luxembourg,11.5,100500
Luxembourg,12.0,104000
Luxembourg,12.5,108000
Luxembourg,13.0,111500
Luxembourg,13.5,115000
Luxembourg,14.0,118500
Luxembourg,14.5,122500
Luxembourg,15.0,126000
Luxembourg,15.5,129500
Luxembourg,16.0,133000
Luxembourg,16.5,136500
Luxembourg,17.0,140500
Luxembourg,17.5,144000
Luxembourg,18.0,147500
Luxembourg,18.5,151000
Luxembourg,19.0,155000
Luxembourg,19.5,158500
Luxembourg,20.0,162000
Luxembourg,20.5,158500
Marshall Islands,0.5,20500
Marshall Islands,1.0,24500
Marshall Islands,1.5,28000
Marshall Islands,2.0,31500
Marshall Islands,2.5,35000
Marshall Islands,3.0,39000
Marshall Islands,3.5,42500
Marshall Islands,4.0,46000
Marshall Islands,4.5,49500
Marshall Islands,5.0,53500
Marshall Islands,5.5,57000
Marshall Islands,6.0,60500
Marshall Islands,6.5,64500
Marshall Islands,7.0,68000
Marshall Islands,7.5,71500
Marshall Islands,8.0,75000
Marshall Islands,8.5,78500
Marshall Islands,9.0,82500
Marshall Islands,9.5,86000
Marshall Islands,10.0,89500
Marshall Islands,10.5,93500
Marshall Islands,11.0,97000
Marshall Islands,11.5,100500
Marshall Islands,12.0,104000
Marshall Islands,12.5,108000
Marshall Islands,13.0,111500
Marshall Islands,13.5,115000
Marshall Islands,14.0,118500
Marshall Islands,14.5,122500
Marshall Islands,15.0,126000
Marshall Islands,15.5,129500
Marshall Islands,16.0,133000
Marshall Islands,16.5,136500
Marshall Islands,17.0,140500
Marshall Islands,17.5,144000
Marshall Islands,18.0,147500
Marshall Islands,18.5,151000
Marshall Islands,19.0,155000
Marshall Islands,19.5,158500
Marshall Islands,20.0,162000
Marshall Islands,20.5,158500
Micronesia,0.5,20500
Micronesia,1.0,24500
Micronesia,1.5,28000
Micronesia,2.0,31500
Micronesia,2.5,35000
Micronesia,3.0,39000
Micronesia,3.5,42500
Micronesia,4.0,46000
Micronesia,4.5,49500
Micronesia,5.0,53500
Micronesia,5.5,57000
Micronesia,6.0,60500
Micronesia,6.5,64500
Micronesia,7.0,68000
Micronesia,7.5,71500
Micronesia,8.0,75000
Micronesia,8.5,78500
Micronesia,9.0,82500
Micronesia,9.5,86000
Micronesia,10.0,89500
Micronesia,10.5,93500
Micronesia,11.0,97000
Micronesia,11.5,100500
Micronesia,12.0,104000
Micronesia,12.5,108000
Micronesia,13.0,111500
Micronesia,13.5,115000
Micronesia,14.0,118500
Micronesia,14.5,122500
Micronesia,15.0,126000
Micronesia,15.5,129500
Micronesia,16.0,133000
Micronesia,16.5,136500
Micronesia,17.0,140500
Micronesia,17.5,144000
Micronesia,18.0,147500
Micronesia,18.5,151000
Micronesia,19.0,155000
Micronesia,19.5,158500
Micronesia,20.0,162000
Micronesia,20.5,158500
Netherlands,0.5,20500
Netherlands,1.0,24500
Netherlands,1.5,28000
Netherlands,2.0,31500
Netherlands,2.5,35000
Netherlands,3.0,39000
Netherlands,3.5,42500
Netherlands,4.0,46000
Netherlands,4.5,49500
Netherlands,5.0,53500
Netherlands,5.5,57000
Netherlands,6.0,60500
Netherlands,6.5,64500
Netherlands,7.0,68000
Netherlands,7.5,71500
Netherlands,8.0,75000
Netherlands,8.5,78500
Netherlands,9.0,82500
Netherlands,9.5,86000
Netherlands,10.0,89500
Netherlands,10.5,93500
Netherlands,11.0,97000
Netherlands,11.5,100500
Netherlands,12.0,104000
Netherlands,12.5,108000
Netherlands,13.0,111500
Netherlands,13.5,115000
Netherlands,14.0,118500
Netherlands,14.5,122500
Netherlands,15.0,126000
Netherlands,15.5,129500
Netherlands,16.0,133000
Netherlands,16.5,136500
Netherlands,17.0,140500
Netherlands,17.5,144000
Netherlands,18.0,147500
Netherlands,18.5,151000
Netherlands,19.0,155000
Netherlands,19.5,158500
Netherlands,20.0,162000
Netherlands,20.5,158500
New Caledonia,0.5,20500
New Caledonia,1.0,24500
New Caledonia,1.5,28000
New Caledonia,2.0,31500
New Caledonia,2.5,35000
New Caledonia,3.0,39000
New Caledonia,3.5,42500
New Caledonia,4.0,46000
New Caledonia,4.5,49500
New Caledonia,5.0,53500
New Caledonia,5.5,57000
New Caledonia,6.0,60500
New Caledonia,6.5,64500
New Caledonia,7.0,68000
New Caledonia,7.5,71500
New Caledonia,8.0,75000
New Caledonia,8.5,78500
New Caledonia,9.0,82500
New Caledonia,9.5,86000
New Caledonia,10.0,89500
New Caledonia,10.5,93500
New Caledonia,11.0,97000
New Caledonia,11.5,100500
New Caledonia,12.0,104000
New Caledonia,12.5,108000
New Caledonia,13.0,111500
New Caledonia,13.5,115000
New Caledonia,14.0,118500
New Caledonia,14.5,122500
New Caledonia,15.0,126000
New Caledonia,15.5,129500
New Caledonia,16.0,133000
New Caledonia,16.5,136500
New Caledonia,17.0,140500
New Caledonia,17.5,144000
New Caledonia,18.0,147500
New Caledonia,18.5,151000
New Caledonia,19.0,155000
New Caledonia,19.5,158500
New Caledonia,20.0,162000
New Caledonia,20.5,158500
Norway,0.5,20500
Norway,1.0,24500
Norway,1.5,28000
Norway,2.0,31500
Norway,2.5,35000
Norway,3.0,39000
Norway,3.5,42500
Norway,4.0,46000
Norway,4.5,49500
Norway,5.0,53500
Norway,5.5,57000
Norway,6.0,60500
Norway,6.5,64500
Norway,7.0,68000
Norway,7.5,71500
Norway,8.0,75000
Norway,8.5,78500
Norway,9.0,82500
Norway,9.5,86000
Norway,10.0,89500
Norway,10.5,93500
Norway,11.0,97000
Norway,11.5,100500
Norway,12.0,104000
Norway,12.5,108000
Norway,13.0,111500
Norway,13.5,115000
Norway,14.0,118500
Norway,14.5,122500
Norway,15.0,126000
Norway,15.5,129500
Norway,16.0,133000
Norway,16.5,136500
Norway,17.0,140500
Norway,17.5,144000
Norway,18.0,147500
Norway,18.5,151000
Norway,19.0,155000
Norway,19.5,158500
Norway,20.0,162000
Norway,20.5,158500
Oman,0.5,20500
Oman,1.0,24500
Oman,1.5,28000
Oman,2.0,31500
Oman,2.5,35000
Oman,3.0,39000
Oman,3.5,42500
Oman,4.0,46000
Oman,4.5,49500
Oman,5.0,53500
Oman,5.5,57000
Oman,6.0,60500
Oman,6.5,64500
Oman,7.0,68000
Oman,7.5,71500
Oman,8.0,75000
Oman,8.5,78500
Oman,9.0,82500
Oman,9.5,86000
Oman,10.0,89500
Oman,10.5,93500
Oman,11.0,97000
Oman,11.5,100500
Oman,12.0,104000
Oman,12.5,108000
Oman,13.0,111500
Oman,13.5,115000
Oman,14.0,118500
Oman,14.5,122500
Oman,15.0,126000
Oman,15.5,129500
Oman,16.0,133000
Oman,16.5,136500
Oman,17.0,140500
Oman,17.5,144000
Oman,18.0,147500
Oman,18.5,151000
Oman,19.0,155000
Oman,19.5,158500
Oman,20.0,162000
Oman,20.5,158500
Pakistan,0.5,20500
Pakistan,1.0,24500
Pakistan,1.5,28000
Pakistan,2.0,31500
Pakistan,2.5,35000
Pakistan,3.0,39000
Pakistan,3.5,42500
Pakistan,4.0,46000
Pakistan,4.5,49500
Pakistan,5.0,53500
Pakistan,5.5,57000
Pakistan,6.0,60500
Pakistan,6.5,64500
Pakistan,7.0,68000
Pakistan,7.5,71500
Pakistan,8.0,75000
Pakistan,8.5,78500
Pakistan,9.0,82500
Pakistan,9.5,86000
Pakistan,10.0,89500
Pakistan,10.5,93500
Pakistan,11.0,97000
Pakistan,11.5,100500
Pakistan,12.0,104000
Pakistan,12.5,108000
Pakistan,13.0,111500
Pakistan,13.5,115000
Pakistan,14.0,118500
Pakistan,14.5,122500
Pakistan,15.0,126000
Pakistan,15.5,129500
Pakistan,16.0,133000
Pakistan,16.5,136500
Pakistan,17.0,140500
Pakistan,17.5,144000
Pakistan,18.0,147500
Pakistan,18.5,151000
Pakistan,19.0,155000
Pakistan,19.5,158500
Pakistan,20.0,162000
Pakistan,20.5,158500
Palau,0.5,20500
Palau,1.0,24500
Palau,1.5,28000
Palau,2.0,31500
Palau,2.5,35000
Palau,3.0,39000
Palau,3.5,42500
Palau,4.0,46000
Palau,4.5,49500
Palau,5.0,53500
Palau,5.5,57000
Palau,6.0,60500
Palau,6.5,64500
Palau,7.0,68000
Palau,7.5,71500
Palau,8.0,75000
Palau,8.5,78500
Palau,9.0,82500
Palau,9.5,86000
Palau,10.0,89500
Palau,10.5,93500
Palau,11.0,97000
Palau,11.5,100500
Palau,12.0,104000
Palau,12.5,108000
Palau,13.0,111500
Palau,13.5,115000
Palau,14.0,118500
Palau,14.5,122500
Palau,15.0,126000
Palau,15.5,129500
Palau,16.0,133000
Palau,16.5,136500
Palau,17.0,140500
Palau,17.5,144000
Palau,18.0,147500
Palau,18.5,151000
Palau,19.0,155000
Palau,19.5,158500
Palau,20.0,162000
Palau,20.5,158500
Papua New Guinea,0.5,20500
Papua New Guinea,1.0,24500
Papua New Guinea,1.5,28000
Papua New Guinea,2.0,31500
Papua New Guinea,2.5,35000
Papua New Guinea,3.0,39000
Papua New Guinea,3.5,42500
Papua New Guinea,4.0,46000
Papua New Guinea,4.5,49500
Papua New Guinea,5.0,53500
Papua New Guinea,5.5,57000
Papua New Guinea,6.0,60500
Papua New Guinea,6.5,64500
Papua New Guinea,7.0,68000
Papua New Guinea,7.5,71500
Papua New Guinea,8.0,75000
Papua New Guinea,8.5,78500
Papua New Guinea,9.0,82500
Papua New Guinea,9.5,86000
Papua New Guinea,10.0,89500
Papua New Guinea,10.5,93500
Papua New Guinea,11.0,97000
Papua New Guinea,11.5,100500
Papua New Guinea,12.0,104000
Papua New Guinea,12.5,108000
Papua New Guinea,13.0,111500
Papua New Guinea,13.5,115000
Papua New Guinea,14.0,118500
Papua New Guinea,14.5,122500
Papua New Guinea,15.0,126000
Papua New Guinea,15.5,129500
Papua New Guinea,16.0,133000
Papua New Guinea,16.5,136500
Papua New Guinea,17.0,140500
Papua New Guinea,17.5,144000
Papua New Guinea,18.0,147500
Papua New Guinea,18.5,151000
Papua New Guinea,19.0,155000
Papua New Guinea,19.5,158500
Papua New Guinea,20.0,162000
Papua New Guinea,20.5,158500
Poland,0.5,20500
Poland,1.0,24500
Poland,1.5,28000
Poland,2.0,31500
Poland,2.5,35000
Poland,3.0,39000
Poland,3.5,42500
Poland,4.0,46000
Poland,4.5,49500
Poland,5.0,53500
Poland,5.5,57000
Poland,6.0,60500
Poland,6.5,64500
Poland,7.0,68000
Poland,7.5,71500
Poland,8.0,75000
Poland,8.5,78500
Poland,9.0,82500
Poland,9.5,86000
Poland,10.0,89500
Poland,10.5,93500
Poland,11.0,97000
Poland,11.5,100500
Poland,12.0,104000
Poland,12.5,108000
Poland,13.0,111500
Poland,13.5,115000
Poland,14.0,118500
Poland,14.5,122500
Poland,15.0,126000
Poland,15.5,129500
Poland,16.0,133000
Poland,16.5,136500
Poland,17.0,140500
Poland,17.5,144000
Poland,18.0,147500
Poland,18.5,151000
Poland,19.0,155000
Poland,19.5,158500
Poland,20.0,162000
Poland,20.5,158500
Portugal,0.5,20500
Portugal,1.0,24500
Portugal,1.5,28000
Portugal,2.0,31500
Portugal,2.5,35000
Portugal,3.0,39000
Portugal,3.5,42500
Portugal,4.0,46000
Portugal,4.5,49500
Portugal,5.0,53500
Portugal,5.5,57000
Portugal,6.0,60500
Portugal,6.5,64500
Portugal,7.0,68000
Portugal,7.5,71500
Portugal,8.0,75000
Portugal,8.5,78500
Portugal,9.0,82500
Portugal,9.5,86000
Portugal,10.0,89500
Portugal,10.5,93500
Portugal,11.0,97000
Portugal,11.5,100500
Portugal,12.0,104000
Portugal,12.5,108000
Portugal,13.0,111500
Portugal,13.5,115000
Portugal,14.0,118500
Portugal,14.5,122500
Portugal,15.0,126000
Portugal,15.5,129500
Portugal,16.0,133000
Portugal,16.5,136500
Portugal,17.0,140500
Portugal,17.5,144000
Portugal,18.0,147500
Portugal,18.5,151000
Portugal,19.0,155000
Portugal,19.5,158500
Portugal,20.0,162000
Portugal,20.5,158500
Qatar,0.5,20500
Qatar,1.0,24500
Qatar,1.5,28000
Qatar,2.0,31500
Qatar,2.5,35000
Qatar,3.0,39000
Qatar,3.5,42500
Qatar,4.0,46000
Qatar,4.5,49500
Qatar,5.0,53500
Qatar,5.5,57000
Qatar,6.0,60500
Qatar,6.5,64500
Qatar,7.0,68000
Qatar,7.5,71500
Qatar,8.0,75000
Qatar,8.5,78500
Qatar,9.0,82500
Qatar,9.5,86000
Qatar,10.0,89500
Qatar,10.5,93500
Qatar,11.0,97000
Qatar,11.5,100500
Qatar,12.0,104000
Qatar,12.5,108000
Qatar,13.0,111500
Qatar,13.5,115000
Qatar,14.0,118500
Qatar,14.5,122500
Qatar,15.0,126000
Qatar,15.5,129500
Qatar,16.0,133000
Qatar,16.5,136500
Qatar,17.0,140500
Qatar,17.5,144000
Qatar,18.0,147500
Qatar,18.5,151000
Qatar,19.0,155000
Qatar,19.5,158500
Qatar,20.0,162000
Qatar,20.5,158500
Romania,0.5,20500
Romania,1.0,24500
Romania,1.5,28000
Romania,2.0,31500
Romania,2.5,35000
Romania,3.0,39000
Romania,3.5,42500
Romania,4.0,46000
Romania,4.5,49500
Romania,5.0,53500
Romania,5.5,57000
Romania,6.0,60500
Romania,6.5,64500
Romania,7.0,68000
Romania,7.5,71500
Romania,8.0,75000
Romania,8.5,78500
Romania,9.0,82500
Romania,9.5,86000
Romania,10.0,89500
Romania,10.5,93500
Romania,11.0,97000
Romania,11.5,100500
Romania,12.0,104000
Romania,12.5,108000
Romania,13.0,111500
Romania,13.5,115000
Romania,14.0,118500
Romania,14.5,122500
Romania,15.0,126000
Romania,15.5,129500
Romania,16.0,133000
Romania,16.5,136500
Romania,17.0,140500
Romania,17.5,144000
Romania,18.0,147500
Romania,18.5,151000
Romania,19.0,155000
Romania,19.5,158500
Romania,20.0,162000
Romania,20.5,158500
Saipan,0.5,20500
Saipan,1.0,24500
Saipan,1.5,28000
Saipan,2.0,31500
Saipan,2.5,35000
Saipan,3.0,39000
Saipan,3.5,42500
Saipan,4.0,46000
Saipan,4.5,49500
Saipan,5.0,53500
Saipan,5.5,57000
Saipan,6.0,60500
Saipan,6.5,64500
Saipan,7.0,68000
Saipan,7.5,71500
Saipan,8.0,75000
Saipan,8.5,78500
Saipan,9.0,82500
Saipan,9.5,86000
Saipan,10.0,89500
Saipan,10.5,93500
Saipan,11.0,97000
Saipan,11.5,100500
Saipan,12.0,104000
Saipan,12.5,108000
Saipan,13.0,111500
Saipan,13.5,115000
Saipan,14.0,118500
Saipan,14.5,122500
Saipan,15.0,126000
Saipan,15.5,129500
Saipan,16.0,133000
Saipan,16.5,136500
Saipan,17.0,140500
Saipan,17.5,144000
Saipan,18.0,147500
Saipan,18.5,151000
Saipan,19.0,155000
Saipan,19.5,158500
Saipan,20.0,162000
Saipan,20.5,158500
Saudi Arabia,0.5,20500
Saudi Arabia,1.0,24500
Saudi Arabia,1.5,28000
Saudi Arabia,2.0,31500
Saudi Arabia,2.5,35000
Saudi Arabia,3.0,39000
Saudi Arabia,3.5,42500
Saudi Arabia,4.0,46000
Saudi Arabia,4.5,49500
Saudi Arabia,5.0,53500
Saudi Arabia,5.5,57000
Saudi Arabia,6.0,60500
Saudi Arabia,6.5,64500
Saudi Arabia,7.0,68000
Saudi Arabia,7.5,71500
Saudi Arabia,8.0,75000
Saudi Arabia,8.5,78500
Saudi Arabia,9.0,82500
Saudi Arabia,9.5,86000
Saudi Arabia,10.0,89500
Saudi Arabia,10.5,93500
Saudi Arabia,11.0,97000
Saudi Arabia,11.5,100500
Saudi Arabia,12.0,104000
Saudi Arabia,12.5,108000
Saudi Arabia,13.0,111500
Saudi Arabia,13.5,115000
Saudi Arabia,14.0,118500
Saudi Arabia,14.5,122500
Saudi Arabia,15.0,126000
Saudi Arabia,15.5,129500
Saudi Arabia,16.0,133000
Saudi Arabia,16.5,136500
Saudi Arabia,17.0,140500
Saudi Arabia,17.5,144000
Saudi Arabia,18.0,147500
Saudi Arabia,18.5,151000
Saudi Arabia,19.0,155000
Saudi Arabia,19.5,158500
Saudi Arabia,20.0,162000
Saudi Arabia,20.5,158500
Serbia,0.5,20500
Serbia,1.0,24500
Serbia,1.5,28000
Serbia,2.0,31500
Serbia,2.5,35000
Serbia,3.0,39000
Serbia,3.5,42500
Serbia,4.0,46000
Serbia,4.5,49500
Serbia,5.0,53500
Serbia,5.5,57000
Serbia,6.0,60500
Serbia,6.5,64500
Serbia,7.0,68000
Serbia,7.5,71500
Serbia,8.0,75000
Serbia,8.5,78500
Serbia,9.0,82500
Serbia,9.5,86000
Serbia,10.0,89500
Serbia,10.5,93500
Serbia,11.0,97000
Serbia,11.5,100500
Serbia,12.0,104000
Serbia,12.5,108000
Serbia,13.0,111500
Serbia,13.5,115000
Serbia,14.0,118500
Serbia,14.5,122500
Serbia,15.0,126000
Serbia,15.5,129500
Serbia,16.0,133000
Serbia,16.5,136500
Serbia,17.0,140500
Serbia,17.5,144000
Serbia,18.0,147500
Serbia,18.5,151000
Serbia,19.0,155000
Serbia,19.5,158500
Serbia,20.0,162000
Serbia,20.5,158500
Slovakia,0.5,20500
Slovakia,1.0,24500
Slovakia,1.5,28000
Slovakia,2.0,31500
Slovakia,2.5,35000
Slovakia,3.0,39000
Slovakia,3.5,42500
Slovakia,4.0,46000
Slovakia,4.5,49500
Slovakia,5.0,53500
Slovakia,5.5,57000
Slovakia,6.0,60500
Slovakia,6.5,64500
Slovakia,7.0,68000
Slovakia,7.5,71500
Slovakia,8.0,75000
Slovakia,8.5,78500
Slovakia,9.0,82500
Slovakia,9.5,86000
Slovakia,10.0,89500
Slovakia,10.5,93500
Slovakia,11.0,97000
Slovakia,11.5,100500
Slovakia,12.0,104000
Slovakia,12.5,108000
Slovakia,13.0,111500
Slovakia,13.5,115000
Slovakia,14.0,118500
Slovakia,14.5,122500
Slovakia,15.0,126000
Slovakia,15.5,129500
Slovakia,16.0,133000
Slovakia,16.5,136500
Slovakia,17.0,140500
Slovakia,17.5,144000
Slovakia,18.0,147500
Slovakia,18.5,151000
Slovakia,19.0,155000
Slovakia,19.5,158500
Slovakia,20.0,162000
Slovakia,20.5,158500
Slovenia,0.5,20500
Slovenia,1.0,24500
Slovenia,1.5,28000
Slovenia,2.0,31500
Slovenia,2.5,35000
Slovenia,3.0,39000
Slovenia,3.5,42500
Slovenia,4.0,46000
Slovenia,4.5,49500
Slovenia,5.0,53500
Slovenia,5.5,57000
Slovenia,6.0,60500
Slovenia,6.5,64500
Slovenia,7.0,68000
Slovenia,7.5,71500
Slovenia,8.0,75000
Slovenia,8.5,78500
Slovenia,9.0,82500
Slovenia,9.5,86000
Slovenia,10.0,89500
Slovenia,10.5,93500
Slovenia,11.0,97000
Slovenia,11.5,100500
Slovenia,12.0,104000
Slovenia,12.5,108000
Slovenia,13.0,111500
Slovenia,13.5,115000
Slovenia,14.0,118500
Slovenia,14.5,122500
Slovenia,15.0,126000
Slovenia,15.5,129500
Slovenia,16.0,133000
Slovenia,16.5,136500
Slovenia,17.0,140500
Slovenia,17.5,144000
Slovenia,18.0,147500
Slovenia,18.5,151000
Slovenia,19.0,155000
Slovenia,19.5,158500
Slovenia,20.0,162000
Slovenia,20.5,158500
Sweden,0.5,20500
Sweden,1.0,24500
Sweden,1.5,28000
Sweden,2.0,31500
Sweden,2.5,35000
Sweden,3.0,39000
Sweden,3.5,42500
Sweden,4.0,46000
Sweden,4.5,49500
Sweden,5.0,53500
Sweden,5.5,57000
Sweden,6.0,60500
Sweden,6.5,64500
Sweden,7.0,68000
Sweden,7.5,71500
Sweden,8.0,75000
Sweden,8.5,78500
Sweden,9.0,82500
Sweden,9.5,86000
Sweden,10.0,89500
Sweden,10.5,93500
Sweden,11.0,97000
Sweden,11.5,100500
Sweden,12.0,104000
Sweden,12.5,108000
Sweden,13.0,111500
Sweden,13.5,115000
Sweden,14.0,118500
Sweden,14.5,122500
Sweden,15.0,126000
Sweden,15.5,129500
Sweden,16.0,133000
Sweden,16.5,136500
Sweden,17.0,140500
Sweden,17.5,144000
Sweden,18.0,147500
Sweden,18.5,151000
Sweden,19.0,155000
Sweden,19.5,158500
Sweden,20.0,162000
Sweden,20.5,158500
Switzerland,0.5,20500
Switzerland,1.0,24500
Switzerland,1.5,28000
Switzerland,2.0,31500
Switzerland,2.5,35000
Switzerland,3.0,39000
Switzerland,3.5,42500
Switzerland,4.0,46000
Switzerland,4.5,49500
Switzerland,5.0,53500
Switzerland,5.5,57000
Switzerland,6.0,60500
Switzerland,6.5,64500
Switzerland,7.0,68000
Switzerland,7.5,71500
Switzerland,8.0,75000
Switzerland,8.5,78500
Switzerland,9.0,82500
Switzerland,9.5,86000
Switzerland,10.0,89500
Switzerland,10.5,93500
Switzerland,11.0,97000
Switzerland,11.5,100500
Switzerland,12.0,104000
Switzerland,12.5,108000
Switzerland,13.0,111500
Switzerland,13.5,115000
Switzerland,14.0,118500
Switzerland,14.5,122500
Switzerland,15.0,126000
Switzerland,15.5,129500
Switzerland,16.0,133000
Switzerland,16.5,136500
Switzerland,17.0,140500
Switzerland,17.5,144000
Switzerland,18.0,147500
Switzerland,18.5,151000
Switzerland,19.0,155000
Switzerland,19.5,158500
Switzerland,20.0,162000
Switzerland,20.5,158500
Syria,0.5,20500
Syria,1.0,24500
Syria,1.5,28000
Syria,2.0,31500
Syria,2.5,35000
Syria,3.0,39000
Syria,3.5,42500
Syria,4.0,46000
Syria,4.5,49500
Syria,5.0,53500
Syria,5.5,57000
Syria,6.0,60500
Syria,6.5,64500
Syria,7.0,68000
Syria,7.5,71500
Syria,8.0,75000
Syria,8.5,78500
Syria,9.0,82500
Syria,9.5,86000
Syria,10.0,89500
Syria,10.5,93500
Syria,11.0,97000
Syria,11.5,100500
Syria,12.0,104000
Syria,12.5,108000
Syria,13.0,111500
Syria,13.5,115000
Syria,14.0,118500
Syria,14.5,122500
Syria,15.0,126000
Syria,15.5,129500
Syria,16.0,133000
Syria,16.5,136500
Syria,17.0,140500
Syria,17.5,144000
Syria,18.0,147500
Syria,18.5,151000
Syria,19.0,155000
Syria,19.5,158500
Syria,20.0,162000
Syria,20.5,158500
Tajikistan,0.5,20500
Tajikistan,1.0,24500
Tajikistan,1.5,28000
Tajikistan,2.0,31500
Tajikistan,2.5,35000
Tajikistan,3.0,39000
Tajikistan,3.5,42500
Tajikistan,4.0,46000
Tajikistan,4.5,49500
Tajikistan,5.0,53500
Tajikistan,5.5,57000
Tajikistan,6.0,60500
Tajikistan,6.5,64500
Tajikistan,7.0,68000
Tajikistan,7.5,71500
Tajikistan,8.0,75000
Tajikistan,8.5,78500
Tajikistan,9.0,82500
Tajikistan,9.5,86000
Tajikistan,10.0,89500
Tajikistan,10.5,93500
Tajikistan,11.0,97000
Tajikistan,11.5,100500
Tajikistan,12.0,104000
Tajikistan,12.5,108000
Tajikistan,13.0,111500
Tajikistan,13.5,115000
Tajikistan,14.0,118500
Tajikistan,14.5,122500
Tajikistan,15.0,126000
Tajikistan,15.5,129500
Tajikistan,16.0,133000
Tajikistan,16.5,136500
Tajikistan,17.0,140500
Tajikistan,17.5,144000
Tajikistan,18.0,147500
Tajikistan,18.5,151000
Tajikistan,19.0,155000
Tajikistan,19.5,158500
Tajikistan,20.0,162000
Tajikistan,20.5,158500
Tonga,0.5,20500
Tonga,1.0,24500
Tonga,1.5,28000
Tonga,2.0,31500
Tonga,2.5,35000
Tonga,3.0,39000
Tonga,3.5,42500
Tonga,4.0,46000
Tonga,4.5,49500
Tonga,5.0,53500
Tonga,5.5,57000
Tonga,6.0,60500
Tonga,6.5,64500
Tonga,7.0,68000
Tonga,7.5,71500
Tonga,8.0,75000
Tonga,8.5,78500
Tonga,9.0,82500
Tonga,9.5,86000
Tonga,10.0,89500
Tonga,10.5,93500
Tonga,11.0,97000
Tonga,11.5,100500
Tonga,12.0,104000
Tonga,12.5,108000
Tonga,13.0,111500
Tonga,13.5,115000
Tonga,14.0,118500
Tonga,14.5,122500
Tonga,15.0,126000
Tonga,15.5,129500
Tonga,16.0,133000
Tonga,16.5,136500
Tonga,17.0,140500
Tonga,17.5,144000
Tonga,18.0,147500
Tonga,18.5,151000
Tonga,19.0,155000
Tonga,19.5,158500
Tonga,20.0,162000
Tonga,20.5,158500
Turkey,0.5,20500
Turkey,1.0,24500
Turkey,1.5,28000
Turkey,2.0,31500
Turkey,2.5,35000
Turkey,3.0,39000
Turkey,3.5,42500
Turkey,4.0,46000
Turkey,4.5,49500
Turkey,5.0,53500
Turkey,5.5,57000
Turkey,6.0,60500
Turkey,6.5,64500
Turkey,7.0,68000
Turkey,7.5,71500
Turkey,8.0,75000
Turkey,8.5,78500
Turkey,9.0,82500
Turkey,9.5,86000
Turkey,10.0,89500
Turkey,10.5,93500
Turkey,11.0,97000
Turkey,11.5,100500
Turkey,12.0,104000
Turkey,12.5,108000
Turkey,13.0,111500
Turkey,13.5,115000
Turkey,14.0,118500
Turkey,14.5,122500
Turkey,15.0,126000
Turkey,15.5,129500
Turkey,16.0,133000
Turkey,16.5,136500
Turkey,17.0,140500
Turkey,17.5,144000
Turkey,18.0,147500
Turkey,18.5,151000
Turkey,19.0,155000
Turkey,19.5,158500
Turkey,20.0,162000
Turkey,20.5,158500
Turkmenistan,0.5,20500
Turkmenistan,1.0,24500
Turkmenistan,1.5,28000
Turkmenistan,2.0,31500
Turkmenistan,2.5,35000
Turkmenistan,3.0,39000
Turkmenistan,3.5,42500
Turkmenistan,4.0,46000
Turkmenistan,4.5,49500
Turkmenistan,5.0,53500
Turkmenistan,5.5,57000
Turkmenistan,6.0,60500
Turkmenistan,6.5,64500
Turkmenistan,7.0,68000
Turkmenistan,7.5,71500
Turkmenistan,8.0,75000
Turkmenistan,8.5,78500
Turkmenistan,9.0,82500
Turkmenistan,9.5,86000
Turkmenistan,10.0,89500
Turkmenistan,10.5,93500
Turkmenistan,11.0,97000
Turkmenistan,11.5,100500
Turkmenistan,12.0,104000
Turkmenistan,12.5,108000
Turkmenistan,13.0,111500
Turkmenistan,13.5,115000
Turkmenistan,14.0,118500
Turkmenistan,14.5,122500
Turkmenistan,15.0,126000
Turkmenistan,15.5,129500
Turkmenistan,16.0,133000
Turkmenistan,16.5,136500
Turkmenistan,17.0,140500
Turkmenistan,17.5,144000
Turkmenistan,18.0,147500
Turkmenistan,18.5,151000
Turkmenistan,19.0,155000
Turkmenistan,19.5,158500
Turkmenistan,20.0,162000
Turkmenistan,20.5,158500
Ukraine,0.5,20500
Ukraine,1.0,24500
Ukraine,1.5,28000
Ukraine,2.0,31500
Ukraine,2.5,35000
Ukraine,3.0,39000
Ukraine,3.5,42500
Ukraine,4.0,46000
Ukraine,4.5,49500
Ukraine,5.0,53500
Ukraine,5.5,57000
Ukraine,6.0,60500
Ukraine,6.5,64500
Ukraine,7.0,68000
Ukraine,7.5,71500
Ukraine,8.0,75000
Ukraine,8.5,78500
Ukraine,9.0,82500
Ukraine,9.5,86000
Ukraine,10.0,89500
Ukraine,10.5,93500
Ukraine,11.0,97000
Ukraine,11.5,100500
Ukraine,12.0,104000
Ukraine,12.5,108000
Ukraine,13.0,111500
Ukraine,13.5,115000
Ukraine,14.0,118500
Ukraine,14.5,122500
Ukraine,15.0,126000
Ukraine,15.5,129500
Ukraine,16.0,133000
Ukraine,16.5,136500
Ukraine,17.0,140500
Ukraine,17.5,144000
Ukraine,18.0,147500
Ukraine,18.5,151000
Ukraine,19.0,155000
Ukraine,19.5,158500
Ukraine,20.0,162000
Ukraine,20.5,158500
United Arab Emirates,0.5,20500
United Arab Emirates,1.0,24500
United Arab Emirates,1.5,28000
United Arab Emirates,2.0,31500
United Arab Emirates,2.5,35000
United Arab Emirates,3.0,39000
United Arab Emirates,3.5,42500
United Arab Emirates,4.0,46000
United Arab Emirates,4.5,49500
United Arab Emirates,5.0,53500
United Arab Emirates,5.5,57000
United Arab Emirates,6.0,60500
United Arab Emirates,6.5,64500
United Arab Emirates,7.0,68000
United Arab Emirates,7.5,71500
United Arab Emirates,8.0,75000
United Arab Emirates,8.5,78500
United Arab Emirates,9.0,82500
United Arab Emirates,9.5,86000
United Arab Emirates,10.0,89500
United Arab Emirates,10.5,93500
United Arab Emirates,11.0,97000
United Arab Emirates,11.5,100500
United Arab Emirates,12.0,104000
United Arab Emirates,12.5,108000
United Arab Emirates,13.0,111500
United Arab Emirates,13.5,115000
United Arab Emirates,14.0,118500
United Arab Emirates,14.5,122500
United Arab Emirates,15.0,126000
United Arab Emirates,15.5,129500
United Arab Emirates,16.0,133000
United Arab Emirates,16.5,136500
United Arab Emirates,17.0,140500
United Arab Emirates,17.5,144000
United Arab Emirates,18.0,147500
United Arab Emirates,18.5,151000
United Arab Emirates,19.0,155000
United Arab Emirates,19.5,158500
United Arab Emirates,20.0,162000
United Arab Emirates,20.5,158500
Uzbekistan,0.5,20500
Uzbekistan,1.0,24500
Uzbekistan,1.5,28000
Uzbekistan,2.0,31500
Uzbekistan,2.5,35000
Uzbekistan,3.0,39000
Uzbekistan,3.5,42500
Uzbekistan,4.0,46000
Uzbekistan,4.5,49500
Uzbekistan,5.0,53500
Uzbekistan,5.5,57000
Uzbekistan,6.0,60500
Uzbekistan,6.5,64500
Uzbekistan,7.0,68000
Uzbekistan,7.5,71500
Uzbekistan,8.0,75000
Uzbekistan,8.5,78500
Uzbekistan,9.0,82500
Uzbekistan,9.5,86000
Uzbekistan,10.0,89500
Uzbekistan,10.5,93500
Uzbekistan,11.0,97000
Uzbekistan,11.5,100500
Uzbekistan,12.0,104000
Uzbekistan,12.5,108000
Uzbekistan,13.0,111500
Uzbekistan,13.5,115000
Uzbekistan,14.0,118500
Uzbekistan,14.5,122500
Uzbekistan,15.0,126000
Uzbekistan,15.5,129500
Uzbekistan,16.0,133000
Uzbekistan,16.5,136500
Uzbekistan,17.0,140500
Uzbekistan,17.5,144000
Uzbekistan,18.0,147500
Uzbekistan,18.5,151000
Uzbekistan,19.0,155000
Uzbekistan,19.5,158500
Uzbekistan,20.0,162000
Uzbekistan,20.5,158500
Vanuatu,0.5,20500
Vanuatu,1.0,24500
Vanuatu,1.5,28000
Vanuatu,2.0,31500
Vanuatu,2.5,35000
Vanuatu,3.0,39000
Vanuatu,3.5,42500
Vanuatu,4.0,46000
Vanuatu,4.5,49500
Vanuatu,5.0,53500
Vanuatu,5.5,57000
Vanuatu,6.0,60500
Vanuatu,6.5,64500
Vanuatu,7.0,68000
Vanuatu,7.5,71500
Vanuatu,8.0,75000
Vanuatu,8.5,78500
Vanuatu,9.0,82500
Vanuatu,9.5,86000
Vanuatu,10.0,89500
Vanuatu,10.5,93500
Vanuatu,11.0,97000
Vanuatu,11.5,100500
Vanuatu,12.0,104000
Vanuatu,12.5,108000
Vanuatu,13.0,111500
Vanuatu,13.5,115000
Vanuatu,14.0,118500
Vanuatu,14.5,122500
Vanuatu,15.0,126000
Vanuatu,15.5,129500
Vanuatu,16.0,133000
Vanuatu,16.5,136500
Vanuatu,17.0,140500
Vanuatu,17.5,144000
Vanuatu,18.0,147500
Vanuatu,18.5,151000
Vanuatu,19.0,155000
Vanuatu,19.5,158500
Vanuatu,20.0,162000
Vanuatu,20.5,158500
Yemen,0.5,20500
Yemen,1.0,24500
Yemen,1.5,28000
Yemen,2.0,31500
Yemen,2.5,35000
Yemen,3.0,39000
Yemen,3.5,42500
Yemen,4.0,46000
Yemen,4.5,49500
Yemen,5.0,53500
Yemen,5.5,57000
Yemen,6.0,60500
Yemen,6.5,64500
Yemen,7.0,68000
Yemen,7.5,71500
Yemen,8.0,75000
Yemen,8.5,78500
Yemen,9.0,82500
Yemen,9.5,86000
Yemen,10.0,89500
Yemen,10.5,93500
Yemen,11.0,97000
Yemen,11.5,100500
Yemen,12.0,104000
Yemen,12.5,108000
Yemen,13.0,111500
Yemen,13.5,115000
Yemen,14.0,118500
Yemen,14.5,122500
Yemen,15.0,126000
Yemen,15.5,129500
Yemen,16.0,133000
Yemen,16.5,136500
Yemen,17.0,140500
Yemen,17.5,144000
Yemen,18.0,147500
Yemen,18.5,151000
Yemen,19.0,155000
Yemen,19.5,158500
Yemen,20.0,162000
Yemen,20.5,158500
Algeria,0.5,22000
Algeria,1.0,27500
Algeria,1.5,33500
Algeria,2.0,39000
Algeria,2.5,45500
Algeria,3.0,52000
Algeria,3.5,58500
Algeria,4.0,65000
Algeria,4.5,71500
Algeria,5.0,78000
Algeria,5.5,84500
Algeria,6.0,91000
Algeria,6.5,97500
Algeria,7.0,104500
Algeria,7.5,110500
Algeria,8.0,117500
Algeria,8.5,124000
Algeria,9.0,130500
Algeria,9.5,137000
Algeria,10.0,143500
Algeria,10.5,150000
Algeria,11.0,156500
Algeria,11.5,163000
Algeria,12.0,169500
Algeria,12.5,176000
Algeria,13.0,182500
Algeria,13.5,189000
Algeria,14.0,195500
Algeria,14.5,202000
Algeria,15.0,209000
Algeria,15.5,215000
Algeria,16.0,221500
Algeria,16.5,228500
Algeria,17.0,235000
Algeria,17.5,241500
Algeria,18.0,248000
Algeria,18.5,254500
Algeria,19.0,261000
Algeria,19.5,267500
Algeria,20.0,274000
Algeria,20.5,267500
Argentina,0.5,22000
Argentina,1.0,27500
Argentina,1.5,33500
Argentina,2.0,39000
Argentina,2.5,45500
Argentina,3.0,52000
Argentina,3.5,58500
Argentina,4.0,65000
Argentina,4.5,71500
Argentina,5.0,78000
Argentina,5.5,84500
Argentina,6.0,91000
Argentina,6.5,97500
Argentina,7.0,104500
Argentina,7.5,110500
Argentina,8.0,117500
Argentina,8.5,124000
Argentina,9.0,130500
Argentina,9.5,137000
Argentina,10.0,143500
Argentina,10.5,150000
Argentina,11.0,156500
Argentina,11.5,163000
Argentina,12.0,169500
Argentina,12.5,176000
Argentina,13.0,182500
Argentina,13.5,189000
Argentina,14.0,195500
Argentina,14.5,202000
Argentina,15.0,209000
Argentina,15.5,215000
Argentina,16.0,221500
Argentina,16.5,228500
Argentina,17.0,235000
Argentina,17.5,241500
Argentina,18.0,248000
Argentina,18.5,254500
Argentina,19.0,261000
Argentina,19.5,267500
Argentina,20.0,274000
Argentina,20.5,267500
Barbados,0.5,22000
Barbados,1.0,27500
Barbados,1.5,33500
Barbados,2.0,39000
Barbados,2.5,45500
Barbados,3.0,52000
Barbados,3.5,58500
Barbados,4.0,65000
Barbados,4.5,71500
Barbados,5.0,78000
Barbados,5.5,84500
Barbados,6.0,91000
Barbados,6.5,97500
Barbados,7.0,104500
Barbados,7.5,110500
Barbados,8.0,117500
Barbados,8.5,124000
Barbados,9.0,130500
Barbados,9.5,137000
Barbados,10.0,143500
Barbados,10.5,150000
Barbados,11.0,156500
Barbados,11.5,163000
Barbados,12.0,169500
Barbados,12.5,176000
Barbados,13.0,182500
Barbados,13.5,189000
Barbados,14.0,195500
Barbados,14.5,202000
Barbados,15.0,209000
Barbados,15.5,215000
Barbados,16.0,221500
Barbados,16.5,228500
Barbados,17.0,235000
Barbados,17.5,241500
Barbados,18.0,248000
Barbados,18.5,254500
Barbados,19.0,261000
Barbados,19.5,267500
Barbados,20.0,274000
Barbados,20.5,267500
Bolivia,0.5,22000
Bolivia,1.0,27500
Bolivia,1.5,33500
Bolivia,2.0,39000
Bolivia,2.5,45500
Bolivia,3.0,52000
Bolivia,3.5,58500
Bolivia,4.0,65000
Bolivia,4.5,71500
Bolivia,5.0,78000
Bolivia,5.5,84500
Bolivia,6.0,91000
Bolivia,6.5,97500
Bolivia,7.0,104500
Bolivia,7.5,110500
Bolivia,8.0,117500
Bolivia,8.5,124000
Bolivia,9.0,130500
Bolivia,9.5,137000
Bolivia,10.0,143500
Bolivia,10.5,150000
Bolivia,11.0,156500
Bolivia,11.5,163000
Bolivia,12.0,169500
Bolivia,12.5,176000
Bolivia,13.0,182500
Bolivia,13.5,189000
Bolivia,14.0,195500
Bolivia,14.5,202000
Bolivia,15.0,209000
Bolivia,15.5,215000
Bolivia,16.0,221500
Bolivia,16.5,228500
Bolivia,17.0,235000
Bolivia,17.5,241500
Bolivia,18.0,248000
Bolivia,18.5,254500
Bolivia,19.0,261000
Bolivia,19.5,267500
Bolivia,20.0,274000
Bolivia,20.5,267500
Chile,0.5,22000
Chile,1.0,27500
Chile,1.5,33500
Chile,2.0,39000
Chile,2.5,45500
Chile,3.0,52000
Chile,3.5,58500
Chile,4.0,65000
Chile,4.5,71500
Chile,5.0,78000
Chile,5.5,84500
Chile,6.0,91000
Chile,6.5,97500
Chile,7.0,104500
Chile,7.5,110500
Chile,8.0,117500
Chile,8.5,124000
Chile,9.0,130500
Chile,9.5,137000
Chile,10.0,143500
Chile,10.5,150000
Chile,11.0,156500
Chile,11.5,163000
Chile,12.0,169500
Chile,12.5,176000
Chile,13.0,182500
Chile,13.5,189000
Chile,14.0,195500
Chile,14.5,202000
Chile,15.0,209000
Chile,15.5,215000
Chile,16.0,221500
Chile,16.5,228500
Chile,17.0,235000
Chile,17.5,241500
Chile,18.0,248000
Chile,18.5,254500
Chile,19.0,261000
Chile,19.5,267500
Chile,20.0,274000
Chile,20.5,267500
Colombia,0.5,22000
Colombia,1.0,27500
Colombia,1.5,33500
Colombia,2.0,39000
Colombia,2.5,45500
Colombia,3.0,52000
Colombia,3.5,58500
Colombia,4.0,65000
Colombia,4.5,71500
Colombia,5.0,78000
Colombia,5.5,84500
Colombia,6.0,91000
Colombia,6.5,97500
Colombia,7.0,104500
Colombia,7.5,110500
Colombia,8.0,117500
Colombia,8.5,124000
Colombia,9.0,130500
Colombia,9.5,137000
Colombia,10.0,143500
Colombia,10.5,150000
Colombia,11.0,156500
Colombia,11.5,163000
Colombia,12.0,169500
Colombia,12.5,176000
Colombia,13.0,182500
Colombia,13.5,189000
Colombia,14.0,195500
Colombia,14.5,202000
Colombia,15.0,209000
Colombia,15.5,215000
Colombia,16.0,221500
Colombia,16.5,228500
Colombia,17.0,235000
Colombia,17.5,241500
Colombia,18.0,248000
Colombia,18.5,254500
Colombia,19.0,261000
Colombia,19.5,267500
Colombia,20.0,274000
Colombia,20.5,267500
Cuba,0.5,22000
Cuba,1.0,27500
Cuba,1.5,33500
Cuba,2.0,39000
Cuba,2.5,45500
Cuba,3.0,52000
Cuba,3.5,58500
Cuba,4.0,65000
Cuba,4.5,71500
Cuba,5.0,78000
Cuba,5.5,84500
Cuba,6.0,91000
Cuba,6.5,97500
Cuba,7.0,104500
Cuba,7.5,110500
Cuba,8.0,117500
Cuba,8.5,124000
Cuba,9.0,130500
Cuba,9.5,137000
Cuba,10.0,143500
Cuba,10.5,150000
Cuba,11.0,156500
Cuba,11.5,163000
Cuba,12.0,169500
Cuba,12.5,176000
Cuba,13.0,182500
Cuba,13.5,189000
Cuba,14.0,195500
Cuba,14.5,202000
Cuba,15.0,209000
Cuba,15.5,215000
Cuba,16.0,221500
Cuba,16.5,228500
Cuba,17.0,235000
Cuba,17.5,241500
Cuba,18.0,248000
Cuba,18.5,254500
Cuba,19.0,261000
Cuba,19.5,267500
Cuba,20.0,274000
Cuba,20.5,267500
Dominican Republic,0.5,22000
Dominican Republic,1.0,27500
Dominican Republic,1.5,33500
Dominican Republic,2.0,39000
Dominican Republic,2.5,45500
Dominican Republic,3.0,52000
Dominican Republic,3.5,58500
Dominican Republic,4.0,65000
Dominican Republic,4.5,71500
Dominican Republic,5.0,78000
Dominican Republic,5.5,84500
Dominican Republic,6.0,91000
Dominican Republic,6.5,97500
Dominican Republic,7.0,104500
Dominican Republic,7.5,110500
Dominican Republic,8.0,117500
Dominican Republic,8.5,124000
Dominican Republic,9.0,130500
Dominican Republic,9.5,137000
Dominican Republic,10.0,143500
Dominican Republic,10.5,150000
Dominican Republic,11.0,156500
Dominican Republic,11.5,163000
Dominican Republic,12.0,169500
Dominican Republic,12.5,176000
Dominican Republic,13.0,182500
Dominican Republic,13.5,189000
Dominican Republic,14.0,195500
Dominican Republic,14.5,202000
Dominican Republic,15.0,209000
Dominican Republic,15.5,215000
Dominican Republic,16.0,221500
Dominican Republic,16.5,228500
Dominican Republic,17.0,235000
Dominican Republic,17.5,241500
Dominican Republic,18.0,248000
Dominican Republic,18.5,254500
Dominican Republic,19.0,261000
Dominican Republic,19.5,267500
Dominican Republic,20.0,274000
Dominican Republic,20.5,267500
Ecuador,0.5,22000
Ecuador,1.0,27500
Ecuador,1.5,33500
Ecuador,2.0,39000
Ecuador,2.5,45500
Ecuador,3.0,52000
Ecuador,3.5,58500
Ecuador,4.0,65000
Ecuador,4.5,71500
Ecuador,5.0,78000
Ecuador,5.5,84500
Ecuador,6.0,91000
Ecuador,6.5,97500
Ecuador,7.0,104500
Ecuador,7.5,110500
Ecuador,8.0,117500
Ecuador,8.5,124000
Ecuador,9.0,130500
Ecuador,9.5,137000
Ecuador,10.0,143500
Ecuador,10.5,150000
Ecuador,11.0,156500
Ecuador,11.5,163000
Ecuador,12.0,169500
Ecuador,12.5,176000
Ecuador,13.0,182500
Ecuador,13.5,189000
Ecuador,14.0,195500
Ecuador,14.5,202000
Ecuador,15.0,209000
Ecuador,15.5,215000
Ecuador,16.0,221500
Ecuador,16.5,228500
Ecuador,17.0,235000
Ecuador,17.5,241500
Ecuador,18.0,248000
Ecuador,18.5,254500
Ecuador,19.0,261000
Ecuador,19.5,267500
Ecuador,20.0,274000
Ecuador,20.5,267500
Egypt,0.5,22000
Egypt,1.0,27500
Egypt,1.5,33500
Egypt,2.0,39000
Egypt,2.5,45500
Egypt,3.0,52000
Egypt,3.5,58500
Egypt,4.0,65000
Egypt,4.5,71500
Egypt,5.0,78000
Egypt,5.5,84500
Egypt,6.0,91000
Egypt,6.5,97500
Egypt,7.0,104500
Egypt,7.5,110500
Egypt,8.0,117500
Egypt,8.5,124000
Egypt,9.0,130500
Egypt,9.5,137000
Egypt,10.0,143500
Egypt,10.5,150000
Egypt,11.0,156500
Egypt,11.5,163000
Egypt,12.0,169500
Egypt,12.5,176000
Egypt,13.0,182500
Egypt,13.5,189000
Egypt,14.0,195500
Egypt,14.5,202000
Egypt,15.0,209000
Egypt,15.5,215000
Egypt,16.0,221500
Egypt,16.5,228500
Egypt,17.0,235000
Egypt,17.5,241500
Egypt,18.0,248000
Egypt,18.5,254500
Egypt,19.0,261000
Egypt,19.5,267500
Egypt,20.0,274000
Egypt,20.5,267500
Ethiopia,0.5,22000
Ethiopia,1.0,27500
Ethiopia,1.5,33500
Ethiopia,2.0,39000
Ethiopia,2.5,45500
Ethiopia,3.0,52000
Ethiopia,3.5,58500
Ethiopia,4.0,65000
Ethiopia,4.5,71500
Ethiopia,5.0,78000
Ethiopia,5.5,84500
Ethiopia,6.0,91000
Ethiopia,6.5,97500
Ethiopia,7.0,104500
Ethiopia,7.5,110500
Ethiopia,8.0,117500
Ethiopia,8.5,124000
Ethiopia,9.0,130500
Ethiopia,9.5,137000
Ethiopia,10.0,143500
Ethiopia,10.5,150000
Ethiopia,11.0,156500
Ethiopia,11.5,163000
Ethiopia,12.0,169500
Ethiopia,12.5,176000
Ethiopia,13.0,182500
Ethiopia,13.5,189000
Ethiopia,14.0,195500
Ethiopia,14.5,202000
Ethiopia,15.0,209000
Ethiopia,15.5,215000
Ethiopia,16.0,221500
Ethiopia,16.5,228500
Ethiopia,17.0,235000
Ethiopia,17.5,241500
Ethiopia,18.0,248000
Ethiopia,18.5,254500
Ethiopia,19.0,261000
Ethiopia,19.5,267500
Ethiopia,20.0,274000
Ethiopia,20.5,267500
Fiji,0.5,22000
Fiji,1.0,27500
Fiji,1.5,33500
Fiji,2.0,39000
Fiji,2.5,45500
Fiji,3.0,52000
Fiji,3.5,58500
Fiji,4.0,65000
Fiji,4.5,71500
Fiji,5.0,78000
Fiji,5.5,84500
Fiji,6.0,91000
Fiji,6.5,97500
Fiji,7.0,104500
Fiji,7.5,110500
Fiji,8.0,117500
Fiji,8.5,124000
Fiji,9.0,130500
Fiji,9.5,137000
Fiji,10.0,143500
Fiji,10.5,150000
Fiji,11.0,156500
Fiji,11.5,163000
Fiji,12.0,169500
Fiji,12.5,176000
Fiji,13.0,182500
Fiji,13.5,189000
Fiji,14.0,195500
Fiji,14.5,202000
Fiji,15.0,209000
Fiji,15.5,215000
Fiji,16.0,221500
Fiji,16.5,228500
Fiji,17.0,235000
Fiji,17.5,241500
Fiji,18.0,248000
Fiji,18.5,254500
Fiji,19.0,261000
Fiji,19.5,267500
Fiji,20.0,274000
Fiji,20.5,267500
Ghana,0.5,22000
Ghana,1.0,27500
Ghana,1.5,33500
Ghana,2.0,39000
Ghana,2.5,45500
Ghana,3.0,52000
Ghana,3.5,58500
Ghana,4.0,65000
Ghana,4.5,71500
Ghana,5.0,78000
Ghana,5.5,84500
Ghana,6.0,91000
Ghana,6.5,97500
Ghana,7.0,104500
Ghana,7.5,110500
Ghana,8.0,117500
Ghana,8.5,124000
Ghana,9.0,130500
Ghana,9.5,137000
Ghana,10.0,143500
Ghana,10.5,150000
Ghana,11.0,156500
Ghana,11.5,163000
Ghana,12.0,169500
Ghana,12.5,176000
Ghana,13.0,182500
Ghana,13.5,189000
Ghana,14.0,195500
Ghana,14.5,202000
Ghana,15.0,209000
Ghana,15.5,215000
Ghana,16.0,221500
Ghana,16.5,228500
Ghana,17.0,235000
Ghana,17.5,241500
Ghana,18.0,248000
Ghana,18.5,254500
Ghana,19.0,261000
Ghana,19.5,267500
Ghana,20.0,274000
Ghana,20.5,267500
Haiti,0.5,22000
Haiti,1.0,27500
Haiti,1.5,33500
Haiti,2.0,39000
Haiti,2.5,45500
Haiti,3.0,52000
Haiti,3.5,58500
Haiti,4.0,65000
Haiti,4.5,71500
Haiti,5.0,78000
Haiti,5.5,84500
Haiti,6.0,91000
Haiti,6.5,97500
Haiti,7.0,104500
Haiti,7.5,110500
Haiti,8.0,117500
Haiti,8.5,124000
Haiti,9.0,130500
Haiti,9.5,137000
Haiti,10.0,143500
Haiti,10.5,150000
Haiti,11.0,156500
Haiti,11.5,163000
Haiti,12.0,169500
Haiti,12.5,176000
Haiti,13.0,182500
Haiti,13.5,189000
Haiti,14.0,195500
Haiti,14.5,202000
Haiti,15.0,209000
Haiti,15.5,215000
Haiti,16.0,221500
Haiti,16.5,228500
Haiti,17.0,235000
Haiti,17.5,241500
Haiti,18.0,248000
Haiti,18.5,254500
Haiti,19.0,261000
Haiti,19.5,267500
Haiti,20.0,274000
Haiti,20.5,267500
Jamaica,0.5,22000
Jamaica,1.0,27500
Jamaica,1.5,33500
Jamaica,2.0,39000
Jamaica,2.5,45500
Jamaica,3.0,52000
Jamaica,3.5,58500
Jamaica,4.0,65000
Jamaica,4.5,71500
Jamaica,5.0,78000
Jamaica,5.5,84500
Jamaica,6.0,91000
Jamaica,6.5,97500
Jamaica,7.0,104500
Jamaica,7.5,110500
Jamaica,8.0,117500
Jamaica,8.5,124000
Jamaica,9.0,130500
Jamaica,9.5,137000
Jamaica,10.0,143500
Jamaica,10.5,150000
Jamaica,11.0,156500
Jamaica,11.5,163000
Jamaica,12.0,169500
Jamaica,12.5,176000
Jamaica,13.0,182500
Jamaica,13.5,189000
Jamaica,14.0,195500
Jamaica,14.5,202000
Jamaica,15.0,209000
Jamaica,15.5,215000
Jamaica,16.0,221500
Jamaica,16.5,228500
Jamaica,17.0,235000
Jamaica,17.5,241500
Jamaica,18.0,248000
Jamaica,18.5,254500
Jamaica,19.0,261000
Jamaica,19.5,267500
Jamaica,20.0,274000
Jamaica,20.5,267500
Kenya,0.5,22000
Kenya,1.0,27500
Kenya,1.5,33500
Kenya,2.0,39000
Kenya,2.5,45500
Kenya,3.0,52000
Kenya,3.5,58500
Kenya,4.0,65000
Kenya,4.5,71500
Kenya,5.0,78000
Kenya,5.5,84500
Kenya,6.0,91000
Kenya,6.5,97500
Kenya,7.0,104500
Kenya,7.5,110500
Kenya,8.0,117500
Kenya,8.5,124000
Kenya,9.0,130500
Kenya,9.5,137000
Kenya,10.0,143500
Kenya,10.5,150000
Kenya,11.0,156500
Kenya,11.5,163000
Kenya,12.0,169500
Kenya,12.5,176000
Kenya,13.0,182500
Kenya,13.5,189000
Kenya,14.0,195500
Kenya,14.5,202000
Kenya,15.0,209000
Kenya,15.5,215000
Kenya,16.0,221500
Kenya,16.5,228500
Kenya,17.0,235000
Kenya,17.5,241500
Kenya,18.0,248000
Kenya,18.5,254500
Kenya,19.0,261000
Kenya,19.5,267500
Kenya,20.0,274000
Kenya,20.5,267500
Kiribati,0.5,22000
Kiribati,1.0,27500
Kiribati,1.5,33500
Kiribati,2.0,39000
Kiribati,2.5,45500
Kiribati,3.0,52000
Kiribati,3.5,58500
Kiribati,4.0,65000
Kiribati,4.5,71500
Kiribati,5.0,78000
Kiribati,5.5,84500
Kiribati,6.0,91000
Kiribati,6.5,97500
Kiribati,7.0,104500
Kiribati,7.5,110500
Kiribati,8.0,117500
Kiribati,8.5,124000
Kiribati,9.0,130500
Kiribati,9.5,137000
Kiribati,10.0,143500
Kiribati,10.5,150000
Kiribati,11.0,156500
Kiribati,11.5,163000
Kiribati,12.0,169500
Kiribati,12.5,176000
Kiribati,13.0,182500
Kiribati,13.5,189000
Kiribati,14.0,195500
Kiribati,14.5,202000
Kiribati,15.0,209000
Kiribati,15.5,215000
Kiribati,16.0,221500
Kiribati,16.5,228500
Kiribati,17.0,235000
Kiribati,17.5,241500
Kiribati,18.0,248000
Kiribati,18.5,254500
Kiribati,19.0,261000
Kiribati,19.5,267500
Kiribati,20.0,274000
Kiribati,20.5,267500
Libya,0.5,22000
Libya,1.0,27500
Libya,1.5,33500
Libya,2.0,39000
Libya,2.5,45500
Libya,3.0,52000
Libya,3.5,58500
Libya,4.0,65000
Libya,4.5,71500
Libya,5.0,78000
Libya,5.5,84500
Libya,6.0,91000
Libya,6.5,97500
Libya,7.0,104500
Libya,7.5,110500
Libya,8.0,117500
Libya,8.5,124000
Libya,9.0,130500
Libya,9.5,137000
Libya,10.0,143500
Libya,10.5,150000
Libya,11.0,156500
Libya,11.5,163000
Libya,12.0,169500
Libya,12.5,176000
Libya,13.0,182500
Libya,13.5,189000
Libya,14.0,195500
Libya,14.5,202000
Libya,15.0,209000
Libya,15.5,215000
Libya,16.0,221500
Libya,16.5,228500
Libya,17.0,235000
Libya,17.5,241500
Libya,18.0,248000
Libya,18.5,254500
Libya,19.0,261000
Libya,19.5,267500
Libya,20.0,274000
Libya,20.5,267500
Mexico,0.5,22000
Mexico,1.0,27500
Mexico,1.5,33500
Mexico,2.0,39000
Mexico,2.5,45500
Mexico,3.0,52000
Mexico,3.5,58500
Mexico,4.0,65000
Mexico,4.5,71500
Mexico,5.0,78000
Mexico,5.5,84500
Mexico,6.0,91000
Mexico,6.5,97500
Mexico,7.0,104500
Mexico,7.5,110500
Mexico,8.0,117500
Mexico,8.5,124000
Mexico,9.0,130500
Mexico,9.5,137000
Mexico,10.0,143500
Mexico,10.5,150000
Mexico,11.0,156500
Mexico,11.5,163000
Mexico,12.0,169500
Mexico,12.5,176000
Mexico,13.0,182500
Mexico,13.5,189000
Mexico,14.0,195500
Mexico,14.5,202000
Mexico,15.0,209000
Mexico,15.5,215000
Mexico,16.0,221500
Mexico,16.5,228500
Mexico,17.0,235000
Mexico,17.5,241500
Mexico,18.0,248000
Mexico,18.5,254500
Mexico,19.0,261000
Mexico,19.5,267500
Mexico,20.0,274000
Mexico,20.5,267500
Morocco,0.5,22000
Morocco,1.0,27500
Morocco,1.5,33500
Morocco,2.0,39000
Morocco,2.5,45500
Morocco,3.0,52000
Morocco,3.5,58500
Morocco,4.0,65000
Morocco,4.5,71500
Morocco,5.0,78000
Morocco,5.5,84500
Morocco,6.0,91000
Morocco,6.5,97500
Morocco,7.0,104500
Morocco,7.5,110500
Morocco,8.0,117500
Morocco,8.5,124000
Morocco,9.0,130500
Morocco,9.5,137000
Morocco,10.0,143500
Morocco,10.5,150000
Morocco,11.0,156500
Morocco,11.5,163000
Morocco,12.0,169500
Morocco,12.5,176000
Morocco,13.0,182500
Morocco,13.5,189000
Morocco,14.0,195500
Morocco,14.5,202000
Morocco,15.0,209000
Morocco,15.5,215000
Morocco,16.0,221500
Morocco,16.5,228500
Morocco,17.0,235000
Morocco,17.5,241500
Morocco,18.0,248000
Morocco,18.5,254500
Morocco,19.0,261000
Morocco,19.5,267500
Morocco,20.0,274000
Morocco,20.5,267500
Nigeria,0.5,22000
Nigeria,1.0,27500
Nigeria,1.5,33500
Nigeria,2.0,39000
Nigeria,2.5,45500
Nigeria,3.0,52000
Nigeria,3.5,58500
Nigeria,4.0,65000
Nigeria,4.5,71500
Nigeria,5.0,78000
Nigeria,5.5,84500
Nigeria,6.0,91000
Nigeria,6.5,97500
Nigeria,7.0,104500
Nigeria,7.5,110500
Nigeria,8.0,117500
Nigeria,8.5,124000
Nigeria,9.0,130500
Nigeria,9.5,137000
Nigeria,10.0,143500
Nigeria,10.5,150000
Nigeria,11.0,156500
Nigeria,11.5,163000
Nigeria,12.0,169500
Nigeria,12.5,176000
Nigeria,13.0,182500
Nigeria,13.5,189000
Nigeria,14.0,195500
Nigeria,14.5,202000
Nigeria,15.0,209000
Nigeria,15.5,215000
Nigeria,16.0,221500
Nigeria,16.5,228500
Nigeria,17.0,235000
Nigeria,17.5,241500
Nigeria,18.0,248000
Nigeria,18.5,254500
Nigeria,19.0,261000
Nigeria,19.5,267500
Nigeria,20.0,274000
Nigeria,20.5,267500
Panama,0.5,22000
Panama,1.0,27500
Panama,1.5,33500
Panama,2.0,39000
Panama,2.5,45500
Panama,3.0,52000
Panama,3.5,58500
Panama,4.0,65000
Panama,4.5,71500
Panama,5.0,78000
Panama,5.5,84500
Panama,6.0,91000
Panama,6.5,97500
Panama,7.0,104500
Panama,7.5,110500
Panama,8.0,117500
Panama,8.5,124000
Panama,9.0,130500
Panama,9.5,137000
Panama,10.0,143500
Panama,10.5,150000
Panama,11.0,156500
Panama,11.5,163000
Panama,12.0,169500
Panama,12.5,176000
Panama,13.0,182500
Panama,13.5,189000
Panama,14.0,195500
Panama,14.5,202000
Panama,15.0,209000
Panama,15.5,215000
Panama,16.0,221500
Panama,16.5,228500
Panama,17.0,235000
Panama,17.5,241500
Panama,18.0,248000
Panama,18.5,254500
Panama,19.0,261000
Panama,19.5,267500
Panama,20.0,274000
Panama,20.5,267500
Peru,0.5,22000
Peru,1.0,27500
Peru,1.5,33500
Peru,2.0,39000
Peru,2.5,45500
Peru,3.0,52000
Peru,3.5,58500
Peru,4.0,65000
Peru,4.5,71500
Peru,5.0,78000
Peru,5.5,84500
Peru,6.0,91000
Peru,6.5,97500
Peru,7.0,104500
Peru,7.5,110500
Peru,8.0,117500
Peru,8.5,124000
Peru,9.0,130500
Peru,9.5,137000
Peru,10.0,143500
Peru,10.5,150000
Peru,11.0,156500
Peru,11.5,163000
Peru,12.0,169500
Peru,12.5,176000
Peru,13.0,182500
Peru,13.5,189000
Peru,14.0,195500
Peru,14.5,202000
Peru,15.0,209000
Peru,15.5,215000
Peru,16.0,221500
Peru,16.5,228500
Peru,17.0,235000
Peru,17.5,241500
Peru,18.0,248000
Peru,18.5,254500
Peru,19.0,261000
Peru,19.5,267500
Peru,20.0,274000
Peru,20.5,267500
Samoa,0.5,22000
Samoa,1.0,27500
Samoa,1.5,33500
Samoa,2.0,39000
Samoa,2.5,45500
Samoa,3.0,52000
Samoa,3.5,58500
Samoa,4.0,65000
Samoa,4.5,71500
Samoa,5.0,78000
Samoa,5.5,84500
Samoa,6.0,91000
Samoa,6.5,97500
Samoa,7.0,104500
Samoa,7.5,110500
Samoa,8.0,117500
Samoa,8.5,124000
Samoa,9.0,130500
Samoa,9.5,137000
Samoa,10.0,143500
Samoa,10.5,150000
Samoa,11.0,156500
Samoa,11.5,163000
Samoa,12.0,169500
Samoa,12.5,176000
Samoa,13.0,182500
Samoa,13.5,189000
Samoa,14.0,195500
Samoa,14.5,202000
Samoa,15.0,209000
Samoa,15.5,215000
Samoa,16.0,221500
Samoa,16.5,228500
Samoa,17.0,235000
Samoa,17.5,241500
Samoa,18.0,248000
Samoa,18.5,254500
Samoa,19.0,261000
Samoa,19.5,267500
Samoa,20.0,274000
Samoa,20.5,267500
Solomon Islands,0.5,22000
Solomon Islands,1.0,27500
Solomon Islands,1.5,33500
Solomon Islands,2.0,39000
Solomon Islands,2.5,45500
Solomon Islands,3.0,52000
Solomon Islands,3.5,58500
Solomon Islands,4.0,65000
Solomon Islands,4.5,71500
Solomon Islands,5.0,78000
Solomon Islands,5.5,84500
Solomon Islands,6.0,91000
Solomon Islands,6.5,97500
Solomon Islands,7.0,104500
Solomon Islands,7.5,110500
Solomon Islands,8.0,117500
Solomon Islands,8.5,124000
Solomon Islands,9.0,130500
Solomon Islands,9.5,137000
Solomon Islands,10.0,143500
Solomon Islands,10.5,150000
Solomon Islands,11.0,156500
Solomon Islands,11.5,163000
Solomon Islands,12.0,169500
Solomon Islands,12.5,176000
Solomon Islands,13.0,182500
Solomon Islands,13.5,189000
Solomon Islands,14.0,195500
Solomon Islands,14.5,202000
Solomon Islands,15.0,209000
Solomon Islands,15.5,215000
Solomon Islands,16.0,221500
Solomon Islands,16.5,228500
Solomon Islands,17.0,235000
Solomon Islands,17.5,241500
Solomon Islands,18.0,248000
Solomon Islands,18.5,254500
Solomon Islands,19.0,261000
Solomon Islands,19.5,267500
Solomon Islands,20.0,274000
Solomon Islands,20.5,267500
South Africa,0.5,22000
South Africa,1.0,27500
South Africa,1.5,33500
South Africa,2.0,39000
South Africa,2.5,45500
South Africa,3.0,52000
South Africa,3.5,58500
South Africa,4.0,65000
South Africa,4.5,71500
South Africa,5.0,78000
South Africa,5.5,84500
South Africa,6.0,91000
South Africa,6.5,97500
South Africa,7.0,104500
South Africa,7.5,110500
South Africa,8.0,117500
South Africa,8.5,124000
South Africa,9.0,130500
South Africa,9.5,137000
South Africa,10.0,143500
South Africa,10.5,150000
South Africa,11.0,156500
South Africa,11.5,163000
South Africa,12.0,169500
South Africa,12.5,176000
South Africa,13.0,182500
South Africa,13.5,189000
South Africa,14.0,195500
South Africa,14.5,202000
South Africa,15.0,209000
South Africa,15.5,215000
South Africa,16.0,221500
South Africa,16.5,228500
South Africa,17.0,235000
South Africa,17.5,241500
South Africa,18.0,248000
South Africa,18.5,254500
South Africa,19.0,261000
South Africa,19.5,267500
South Africa,20.0,274000
South Africa,20.5,267500
Tanzania,0.5,22000
Tanzania,1.0,27500
Tanzania,1.5,33500
Tanzania,2.0,39000
Tanzania,2.5,45500
Tanzania,3.0,52000
Tanzania,3.5,58500
Tanzania,4.0,65000
Tanzania,4.5,71500
Tanzania,5.0,78000
Tanzania,5.5,84500
Tanzania,6.0,91000
Tanzania,6.5,97500
Tanzania,7.0,104500
Tanzania,7.5,110500
Tanzania,8.0,117500
Tanzania,8.5,124000
Tanzania,9.0,130500
Tanzania,9.5,137000
Tanzania,10.0,143500
Tanzania,10.5,150000
Tanzania,11.0,156500
Tanzania,11.5,163000
Tanzania,12.0,169500
Tanzania,12.5,176000
Tanzania,13.0,182500
Tanzania,13.5,189000
Tanzania,14.0,195500
Tanzania,14.5,202000
Tanzania,15.0,209000
Tanzania,15.5,215000
Tanzania,16.0,221500
Tanzania,16.5,228500
Tanzania,17.0,235000
Tanzania,17.5,241500
Tanzania,18.0,248000
Tanzania,18.5,254500
Tanzania,19.0,261000
Tanzania,19.5,267500
Tanzania,20.0,274000
Tanzania,20.5,267500
Tonga,0.5,22000
Tonga,1.0,27500
Tonga,1.5,33500
Tonga,2.0,39000
Tonga,2.5,45500
Tonga,3.0,52000
Tonga,3.5,58500
Tonga,4.0,65000
Tonga,4.5,71500
Tonga,5.0,78000
Tonga,5.5,84500
Tonga,6.0,91000
Tonga,6.5,97500
Tonga,7.0,104500
Tonga,7.5,110500
Tonga,8.0,117500
Tonga,8.5,124000
Tonga,9.0,130500
Tonga,9.5,137000
Tonga,10.0,143500
Tonga,10.5,150000
Tonga,11.0,156500
Tonga,11.5,163000
Tonga,12.0,169500
Tonga,12.5,176000
Tonga,13.0,182500
Tonga,13.5,189000
Tonga,14.0,195500
Tonga,14.5,202000
Tonga,15.0,209000
Tonga,15.5,215000
Tonga,16.0,221500
Tonga,16.5,228500
Tonga,17.0,235000
Tonga,17.5,241500
Tonga,18.0,248000
Tonga,18.5,254500
Tonga,19.0,261000
Tonga,19.5,267500
Tonga,20.0,274000
Tonga,20.5,267500
Trinidad and Tobago,0.5,22000
Trinidad and Tobago,1.0,27500
Trinidad and Tobago,1.5,33500
Trinidad and Tobago,2.0,39000
Trinidad and Tobago,2.5,45500
Trinidad and Tobago,3.0,52000
Trinidad and Tobago,3.5,58500
Trinidad and Tobago,4.0,65000
Trinidad and Tobago,4.5,71500
Trinidad and Tobago,5.0,78000
Trinidad and Tobago,5.5,84500
Trinidad and Tobago,6.0,91000
Trinidad and Tobago,6.5,97500
Trinidad and Tobago,7.0,104500
Trinidad and Tobago,7.5,110500
Trinidad and Tobago,8.0,117500
Trinidad and Tobago,8.5,124000
Trinidad and Tobago,9.0,130500
Trinidad and Tobago,9.5,137000
Trinidad and Tobago,10.0,143500
Trinidad and Tobago,10.5,150000
Trinidad and Tobago,11.0,156500
Trinidad and Tobago,11.5,163000
Trinidad and Tobago,12.0,169500
Trinidad and Tobago,12.5,176000
Trinidad and Tobago,13.0,182500
Trinidad and Tobago,13.5,189000
Trinidad and Tobago,14.0,195500
Trinidad and Tobago,14.5,202000
Trinidad and Tobago,15.0,209000
Trinidad and Tobago,15.5,215000
Trinidad and Tobago,16.0,221500
Trinidad and Tobago,16.5,228500
Trinidad and Tobago,17.0,235000
Trinidad and Tobago,17.5,241500
Trinidad and Tobago,18.0,248000
Trinidad and Tobago,18.5,254500
Trinidad and Tobago,19.0,261000
Trinidad and Tobago,19.5,267500
Trinidad and Tobago,20.0,274000
Trinidad and Tobago,20.5,267500
Tuvalu,0.5,22000
Tuvalu,1.0,27500
Tuvalu,1.5,33500
Tuvalu,2.0,39000
Tuvalu,2.5,45500
Tuvalu,3.0,52000
Tuvalu,3.5,58500
Tuvalu,4.0,65000
Tuvalu,4.5,71500
Tuvalu,5.0,78000
Tuvalu,5.5,84500
Tuvalu,6.0,91000
Tuvalu,6.5,97500
Tuvalu,7.0,104500
Tuvalu,7.5,110500
Tuvalu,8.0,117500
Tuvalu,8.5,124000
Tuvalu,9.0,130500
Tuvalu,9.5,137000
Tuvalu,10.0,143500
Tuvalu,10.5,150000
Tuvalu,11.0,156500
Tuvalu,11.5,163000
Tuvalu,12.0,169500
Tuvalu,12.5,176000
Tuvalu,13.0,182500
Tuvalu,13.5,189000
Tuvalu,14.0,195500
Tuvalu,14.5,202000
Tuvalu,15.0,209000
Tuvalu,15.5,215000
Tuvalu,16.0,221500
Tuvalu,16.5,228500
Tuvalu,17.0,235000
Tuvalu,17.5,241500
Tuvalu,18.0,248000
Tuvalu,18.5,254500
Tuvalu,19.0,261000
Tuvalu,19.5,267500
Tuvalu,20.0,274000
Tuvalu,20.5,267500
Uruguay,0.5,22000
Uruguay,1.0,27500
Uruguay,1.5,33500
Uruguay,2.0,39000
Uruguay,2.5,45500
Uruguay,3.0,52000
Uruguay,3.5,58500
Uruguay,4.0,65000
Uruguay,4.5,71500
Uruguay,5.0,78000
Uruguay,5.5,84500
Uruguay,6.0,91000
Uruguay,6.5,97500
Uruguay,7.0,104500
Uruguay,7.5,110500
Uruguay,8.0,117500
Uruguay,8.5,124000
Uruguay,9.0,130500
Uruguay,9.5,137000
Uruguay,10.0,143500
Uruguay,10.5,150000
Uruguay,11.0,156500
Uruguay,11.5,163000
Uruguay,12.0,169500
Uruguay,12.5,176000
Uruguay,13.0,182500
Uruguay,13.5,189000
Uruguay,14.0,195500
Uruguay,14.5,202000
Uruguay,15.0,209000
Uruguay,15.5,215000
Uruguay,16.0,221500
Uruguay,16.5,228500
Uruguay,17.0,235000
Uruguay,17.5,241500
Uruguay,18.0,248000
Uruguay,18.5,254500
Uruguay,19.0,261000
Uruguay,19.5,267500
Uruguay,20.0,274000
Uruguay,20.5,267500
Venezuela,0.5,22000
Venezuela,1.0,27500
Venezuela,1.5,33500
Venezuela,2.0,39000
Venezuela,2.5,45500
Venezuela,3.0,52000
Venezuela,3.5,58500
Venezuela,4.0,65000
Venezuela,4.5,71500
Venezuela,5.0,78000
Venezuela,5.5,84500
Venezuela,6.0,91000
Venezuela,6.5,97500
Venezuela,7.0,104500
Venezuela,7.5,110500
Venezuela,8.0,117500
Venezuela,8.5,124000
Venezuela,9.0,130500
Venezuela,9.5,137000
Venezuela,10.0,143500
Venezuela,10.5,150000
Venezuela,11.0,156500
Venezuela,11.5,163000
Venezuela,12.0,169500
Venezuela,12.5,176000
Venezuela,13.0,182500
Venezuela,13.5,189000
Venezuela,14.0,195500
Venezuela,14.5,202000
Venezuela,15.0,209000
Venezuela,15.5,215000
Venezuela,16.0,221500
Venezuela,16.5,228500
Venezuela,17.0,235000
Venezuela,17.5,241500
Venezuela,18.0,248000
Venezuela,18.5,254500
Venezuela,19.0,261000
Venezuela,19.5,267500
Venezuela,20.0,274000
Venezuela,20.5,267500
